-- phpMyAdmin SQL Dump
-- version 4.3.8
-- http://www.phpmyadmin.net
--
-- Host: localhost
-- Generation Time: May 10, 2017 at 05:38 AM
-- Server version: 5.5.51-38.2
-- PHP Version: 5.6.20

SET SQL_MODE = "NO_AUTO_VALUE_ON_ZERO";
SET time_zone = "+00:00";


/*!40101 SET @OLD_CHARACTER_SET_CLIENT=@@CHARACTER_SET_CLIENT */;
/*!40101 SET @OLD_CHARACTER_SET_RESULTS=@@CHARACTER_SET_RESULTS */;
/*!40101 SET @OLD_COLLATION_CONNECTION=@@COLLATION_CONNECTION */;
/*!40101 SET NAMES utf8 */;

--
-- Database: `hicommar_hicomsolutions_taxinear`
--

-- --------------------------------------------------------

--
-- Table structure for table `account`
--

CREATE TABLE IF NOT EXISTS `account` (
  `id` int(11) NOT NULL,
  `username` varchar(30) COLLATE utf8_unicode_ci NOT NULL,
  `password` varchar(60) COLLATE utf8_unicode_ci NOT NULL,
  `email` varchar(100) COLLATE utf8_unicode_ci DEFAULT NULL,
  `fullName` varchar(100) COLLATE utf8_unicode_ci DEFAULT NULL,
  `phone` varchar(30) COLLATE utf8_unicode_ci DEFAULT NULL,
  `address` varchar(255) COLLATE utf8_unicode_ci DEFAULT NULL,
  `role` tinyint(1) DEFAULT '0',
  `status` tinyint(1) DEFAULT '1'
) ENGINE=InnoDB AUTO_INCREMENT=3 DEFAULT CHARSET=utf8 COLLATE=utf8_unicode_ci;

--
-- Dumping data for table `account`
--

INSERT INTO `account` (`id`, `username`, `password`, `email`, `fullName`, `phone`, `address`, `role`, `status`) VALUES
(1, 'admin', 'd033e22ae348aeb5660fc2140aec35850c4da997', 'admin@pokemail.net', 'Admin', '8074966598', 'INDIA', 0, 1),
(2, 'user', 'd033e22ae348aeb5660fc2140aec35850c4da997', 'user-email@gmail.com', 'Stephen', '0123456789', 'Hanoi', 1, 1);

-- --------------------------------------------------------

--
-- Table structure for table `city`
--

CREATE TABLE IF NOT EXISTS `city` (
  `id` int(11) NOT NULL,
  `name` varchar(255) NOT NULL,
  `stateId` int(11) NOT NULL,
  `orderNumber` int(1) NOT NULL,
  `status` int(1) NOT NULL DEFAULT '1' COMMENT '1:active 0:inactive'
) ENGINE=InnoDB AUTO_INCREMENT=7 DEFAULT CHARSET=utf8;

--
-- Dumping data for table `city`
--

INSERT INTO `city` (`id`, `name`, `stateId`, `orderNumber`, `status`) VALUES
(1, 'Los Angeles', 1, 1, 1),
(2, 'San Diego', 1, 2, 1),
(3, 'San Francisco', 1, 3, 1),
(4, 'Oakland', 1, 4, 1),
(5, 'Beavercreek', 2, 5, 1),
(6, 'Dayton', 2, 6, 1);

-- --------------------------------------------------------

--
-- Table structure for table `device`
--

CREATE TABLE IF NOT EXISTS `device` (
  `id` int(11) NOT NULL,
  `userId` int(11) DEFAULT NULL,
  `gcm_id` varchar(255) DEFAULT NULL,
  `ime` varchar(255) DEFAULT NULL,
  `type` int(1) DEFAULT NULL,
  `status` int(11) DEFAULT NULL,
  `dateCreated` datetime DEFAULT NULL
) ENGINE=InnoDB AUTO_INCREMENT=67 DEFAULT CHARSET=utf8;

--
-- Dumping data for table `device`
--

INSERT INTO `device` (`id`, `userId`, `gcm_id`, `ime`, `type`, `status`, `dateCreated`) VALUES
(54, 2, 'dAt69sq2UuQ:APA91bFHlZ8qAhhxDYk_rhMSH_i9DtJtpkMr3Kwc6cbAm90HfSHzqmACKO7Gy37LVw7wmhIcq3HpordAJ0xv3Ml9_Qm38lfPlfudvWVis_xVutNHxVcr5NgQJ-Qiung2mLLpXXF44Gb5', '355079083322474', 1, 1, '2017-05-06 05:33:29'),
(56, 20, 'edBpIVi9UUM:APA91bHRFFWk3jf7uNgaaEG52_0wSF_nFm0qzQum4P7nNoP5wVz0PxW58-odgop0lfQR0G_iQDrq_ilDxx8hThZITw5hUjg6tPaELDFB39UjmHPHNToQmgNsL7KLaqpFbQjRSn569gAl', '353612074493151', 1, 1, '2017-05-06 06:02:12'),
(58, 1, 'ev_jomhs-O4:APA91bFlXYHhg8-5dCXLV9fgOQXBdPH5pn4HasqLEgVMsaG9mgT7QvKGD-V4Ai1_xNRiQ7kEezQgJVFQWSggBnz-XmdLRHjIBe1xJbcDG75VxwI2TTDg2tggrhfp2APRpIWsj5pgI8eM', '352239065166546', 1, 1, '2017-05-07 22:15:10'),
(59, 49, 'cI8FOaAAUrE:APA91bGlPji3P_gLUSOasBPrvwAUGcHyoIUY4Xk9JppiNX64Ywo3EhzYYXYfMjRSxTHiMv3cdplL5-Ylck3nC6dsfVqKxRYNeDsstpwYJNCDpVT5Xqz23PQyK9RR6xzdK-JUAb_agipY', '356150050370181', 1, 1, '2017-05-07 23:33:25'),
(63, 52, 'fqWQgV7KJzE:APA91bFLFzlAb3MixhuinnSYFlcqucEBao4Adym1OJr_3mdnpBFUs_9MfyJ5PGlKsN6fWzNfcwjDgrdxXatHvEOZWLh7zsi8qcD9L4ugWgX0DyNIB0vuj5HrW-xBkruDXiKiIZNpkKmL', '868881021248400', 1, 1, '2017-05-08 22:16:41'),
(65, 11, '34329214aad861d4714b41565f25c9af5070e42672d1f184a16a4062068dfce9', '34329214aad861d4714b41565f25c9af5070e42672d1f184a16a4062068dfce9', 2, 1, '2017-05-10 02:04:40'),
(66, 18, 'ba0715508b305da8d222514e0308f9667357be1795f0b6fa1db1bc01b7d32875', 'ba0715508b305da8d222514e0308f9667357be1795f0b6fa1db1bc01b7d32875', 2, 1, '2017-05-10 02:04:56');

-- --------------------------------------------------------

--
-- Table structure for table `login_token`
--

CREATE TABLE IF NOT EXISTS `login_token` (
  `id` int(11) NOT NULL,
  `userId` int(11) NOT NULL,
  `token` varchar(100) COLLATE utf8_unicode_ci DEFAULT NULL,
  `time` datetime NOT NULL
) ENGINE=InnoDB AUTO_INCREMENT=90 DEFAULT CHARSET=utf8 COLLATE=utf8_unicode_ci;

--
-- Dumping data for table `login_token`
--

INSERT INTO `login_token` (`id`, `userId`, `token`, `time`) VALUES
(1, 1, '10d71717680a8bf871ab640761b8f41d', '2017-05-09 21:23:52'),
(4, 3, 'd3fbb491bf0aab007fcde27a0b896361', '2017-04-17 01:11:57'),
(5, 4, '5eb2a24de2267b78e817f5141177a7b9', '2017-04-05 19:22:39'),
(8, 6, '877652fac72190d2cddbb9cc4a99c2bc', '2017-04-05 20:29:39'),
(11, 9, '8db15cf89f0f27b8b2a895b559725bfb', '2017-04-06 14:37:19'),
(13, 8, '0a7fc0f2866934867b1f19b094d59f75', '2017-04-07 12:47:19'),
(14, 10, 'f2e9f3d9ca734f352fb7d6e09cbc6381', '2017-04-07 08:44:30'),
(16, 12, '34c1c9dbc1162ee3bdcbdda2431264fc', '2017-04-07 12:11:13'),
(17, 13, '4a028db69fa8abfe79d04546de8e7ce4', '2017-04-07 14:18:14'),
(18, 14, '58284e5f627d99186c23dd832a3d2123', '2017-04-07 16:44:25'),
(21, 5, 'f1bfa853adf61643f6cfc44354cbfe25', '2017-04-07 18:32:24'),
(22, 15, 'fe2c0338528e7df782e752480c92a182', '2017-04-07 19:22:01'),
(23, 17, 'cc8bdd58f99e474083f9c128ed6c1f45', '2017-04-08 13:09:45'),
(24, 18, '18dc23a776d0ff5000d6ba8fe400b7e1', '2017-05-10 02:04:56'),
(25, 19, 'b405397fddc072abff2a7dca2566f24f', '2017-04-08 19:16:26'),
(28, 21, '2b1918e45542d4c732614c381b7b2de9', '2017-04-10 07:58:53'),
(37, 25, '015a9133dbb255269da2e0638de79c4d', '2017-04-10 22:36:14'),
(48, 28, '6097f7e80a77a2e73ed3561534eb6f2e', '2017-04-11 02:00:40'),
(51, 31, 'bacbf2bbb587678827ec262662c03fce', '2017-04-11 02:20:32'),
(52, 32, 'ab729aae5a4f552043718439db7331ea', '2017-04-11 02:29:37'),
(54, 7, '6c5f9df8d1977497a88fd6eb13875323', '2017-05-08 23:09:01'),
(55, 34, '215e0ae0fd999c1b1d2ecec6dd44e51a', '2017-04-11 04:07:59'),
(57, 35, '959bd6cbf6cf6f877c9847484fa7e52d', '2017-04-12 03:21:25'),
(59, 37, 'cf5d199e034b16786f9c53bc51beffbb', '2017-04-12 05:18:40'),
(63, 36, 'ff249797c808f55451d3f5165bf6bca7', '2017-04-20 11:23:30'),
(65, 39, '0326b025f04a09bf94998c87e8c6ab69', '2017-04-18 06:25:56'),
(66, 41, 'ed8c751d2c53ee460231ea6f6286f60e', '2017-04-19 22:44:32'),
(67, 42, '094c74b6ff081a1a2d6a9508490359a7', '2017-04-19 22:45:51'),
(71, 45, '953efa5368af596f9018e6d172b72248', '2017-04-27 00:37:58'),
(73, 22, 'a4b44309deb9e1f675dd7edb1e2f86a2', '2017-05-08 03:44:00'),
(74, 46, '918dd35fe15119f4098b241e69c3aa30', '2017-05-05 16:55:55'),
(76, 48, '65d2705cc541231e8bdc13363b86714d', '2017-05-06 04:20:04'),
(77, 47, '24b31af273d7fb969702b0c438381380', '2017-05-06 03:22:56'),
(81, 20, 'd637428d89862d35f5ff368e10702ecf', '2017-05-09 03:20:06'),
(83, 49, '3868092f9ae1d99527b420d877ec76ec', '2017-05-07 23:33:25'),
(84, 11, 'abd5c5c29641dfb0176fbf158399141d', '2017-05-10 02:04:40'),
(85, 50, '9217906ade92f55dfa063b9a02db389d', '2017-05-08 03:07:28'),
(87, 52, '02341e7352060c7ba3c4865061c5d96e', '2017-05-08 22:16:42'),
(88, 53, '2041abc4a6663633fd69bd47258d13cc', '2017-05-08 22:30:31'),
(89, 2, '6e2dcca303353c3da31f489119402009', '2017-05-10 02:48:28');

-- --------------------------------------------------------

--
-- Table structure for table `log_lat_long`
--

CREATE TABLE IF NOT EXISTS `log_lat_long` (
  `id` int(11) NOT NULL,
  `user_id` int(11) NOT NULL,
  `lat` varchar(18) NOT NULL,
  `long` varchar(18) NOT NULL,
  `time` varchar(20) NOT NULL
) ENGINE=InnoDB AUTO_INCREMENT=1213 DEFAULT CHARSET=utf8;

--
-- Dumping data for table `log_lat_long`
--

INSERT INTO `log_lat_long` (`id`, `user_id`, `lat`, `long`, `time`) VALUES
(1, 2, '21.042757', '105.8024744', '2017-05-08 04:47:25'),
(2, 2, '21.0427483', '105.8025661', '2017-05-08 04:47:25'),
(3, 2, '21.0427483', '105.8025661', '2017-05-08 04:47:26'),
(4, 2, '21.0427483', '105.8025661', '2017-05-08 04:47:26'),
(5, 2, '21.0427483', '105.8025661', '2017-05-08 04:47:27'),
(6, 2, '21.0427483', '105.8025661', '2017-05-08 04:47:27'),
(7, 2, '21.0427483', '105.8025661', '2017-05-08 04:47:28'),
(8, 2, '21.0427483', '105.8025661', '2017-05-08 04:47:28'),
(9, 2, '21.0427483', '105.8025661', '2017-05-08 04:47:28'),
(10, 2, '21.0427483', '105.8025661', '2017-05-08 04:47:29'),
(11, 2, '21.0427483', '105.8025661', '2017-05-08 04:47:29'),
(12, 2, '21.0427483', '105.8025661', '2017-05-08 04:47:30'),
(13, 2, '21.0427483', '105.8025661', '2017-05-08 04:47:30'),
(14, 2, '21.0427483', '105.8025661', '2017-05-08 04:47:31'),
(15, 2, '21.0427483', '105.8025661', '2017-05-08 04:47:31'),
(16, 2, '21.0427483', '105.8025661', '2017-05-08 04:47:32'),
(17, 2, '21.0427483', '105.8025661', '2017-05-08 04:47:32'),
(18, 2, '21.0427483', '105.8025661', '2017-05-08 04:47:33'),
(19, 2, '21.0427483', '105.8025661', '2017-05-08 04:47:33'),
(20, 2, '21.0427483', '105.8025661', '2017-05-08 04:47:34'),
(21, 2, '21.0427483', '105.8025661', '2017-05-08 04:47:34'),
(22, 2, '21.0427483', '105.8025661', '2017-05-08 04:47:34'),
(23, 2, '21.0427483', '105.8025661', '2017-05-08 04:47:35'),
(24, 2, '21.0429294', '105.8025661', '2017-05-08 04:47:35'),
(25, 2, '21.0429294', '105.8025661', '2017-05-08 04:47:36'),
(26, 2, '21.0429294', '105.8025661', '2017-05-08 04:47:36'),
(27, 2, '21.0428301', '105.8026579', '2017-05-08 04:47:37'),
(28, 2, '21.0428301', '105.8026579', '2017-05-08 04:47:37'),
(29, 2, '21.0428301', '105.8026579', '2017-05-08 04:47:38'),
(30, 2, '21.0428301', '105.8026579', '2017-05-08 04:47:38'),
(31, 2, '21.0428301', '105.8026579', '2017-05-08 04:47:38'),
(32, 2, '21.0428301', '105.8026579', '2017-05-08 04:47:39'),
(33, 2, '21.0428301', '105.8026579', '2017-05-08 04:47:39'),
(34, 2, '21.0428301', '105.8026579', '2017-05-08 04:47:40'),
(35, 2, '21.0428301', '105.8026579', '2017-05-08 04:47:40'),
(36, 2, '21.0428301', '105.8026579', '2017-05-08 04:47:41'),
(37, 2, '21.0428301', '105.8026579', '2017-05-08 04:47:41'),
(38, 2, '21.0428301', '105.8026579', '2017-05-08 04:47:42'),
(39, 2, '21.0428301', '105.8026579', '2017-05-08 04:47:42'),
(40, 2, '21.0428301', '105.8026579', '2017-05-08 04:47:42'),
(41, 2, '21.0428301', '105.8026579', '2017-05-08 04:47:43'),
(42, 2, '21.0428301', '105.8026579', '2017-05-08 04:47:43'),
(43, 2, '21.0428301', '105.8026579', '2017-05-08 04:47:44'),
(44, 2, '21.0428301', '105.8026579', '2017-05-08 04:47:44'),
(45, 2, '21.0428301', '105.8026579', '2017-05-08 04:47:45'),
(46, 2, '21.0428301', '105.8026579', '2017-05-08 04:47:45'),
(47, 2, '21.0428301', '105.8026579', '2017-05-08 04:47:46'),
(48, 2, '21.0428301', '105.8026579', '2017-05-08 04:47:46'),
(49, 2, '21.0427657', '105.8023827', '2017-05-08 04:47:46'),
(50, 2, '21.0427657', '105.8023827', '2017-05-08 04:47:47'),
(51, 2, '21.0427657', '105.8023827', '2017-05-08 04:47:47'),
(52, 2, '21.0427483', '105.8025661', '2017-05-08 04:47:48'),
(53, 2, '21.0427483', '105.8025661', '2017-05-08 04:47:48'),
(54, 2, '21.0427483', '105.8025661', '2017-05-08 04:47:49'),
(55, 2, '21.0427483', '105.8025661', '2017-05-08 04:47:49'),
(56, 2, '21.0427483', '105.8025661', '2017-05-08 04:47:49'),
(57, 2, '21.0427483', '105.8025661', '2017-05-08 04:47:50'),
(58, 2, '21.0427483', '105.8025661', '2017-05-08 04:47:50'),
(59, 2, '21.0427483', '105.8025661', '2017-05-08 04:47:51'),
(60, 2, '21.0427483', '105.8025661', '2017-05-08 04:47:51'),
(61, 2, '21.0427483', '105.8025661', '2017-05-08 04:47:52'),
(62, 2, '21.0427483', '105.8025661', '2017-05-08 04:47:52'),
(63, 2, '21.0427483', '105.8025661', '2017-05-08 04:47:53'),
(64, 2, '21.0427483', '105.8025661', '2017-05-08 04:47:53'),
(65, 2, '21.0427483', '105.8025661', '2017-05-08 04:47:53'),
(66, 2, '21.0427483', '105.8025661', '2017-05-08 04:47:54'),
(67, 2, '21.0427483', '105.8025661', '2017-05-08 04:47:54'),
(68, 2, '21.0427483', '105.8025661', '2017-05-08 04:47:55'),
(69, 2, '21.0427483', '105.8025661', '2017-05-08 04:47:55'),
(70, 2, '21.0427483', '105.8025661', '2017-05-08 04:47:56'),
(71, 2, '21.0427483', '105.8025661', '2017-05-08 04:47:56'),
(72, 2, '21.0427483', '105.8025661', '2017-05-08 04:47:56'),
(73, 2, '21.0427483', '105.8025661', '2017-05-08 04:47:57'),
(74, 2, '21.0427483', '105.8025661', '2017-05-08 04:47:57'),
(75, 2, '21.0427483', '105.8025661', '2017-05-08 04:47:58'),
(76, 2, '21.0427483', '105.8025661', '2017-05-08 04:47:58'),
(77, 2, '21.0427483', '105.8025661', '2017-05-08 04:47:59'),
(78, 2, '21.0427483', '105.8025661', '2017-05-08 04:47:59'),
(79, 2, '21.0427483', '105.8025661', '2017-05-08 04:48:00'),
(80, 2, '21.0427483', '105.8025661', '2017-05-08 04:48:00'),
(81, 2, '21.0427483', '105.8025661', '2017-05-08 04:48:01'),
(82, 2, '21.0427483', '105.8025661', '2017-05-08 04:48:01'),
(83, 2, '21.0427483', '105.8025661', '2017-05-08 04:48:02'),
(84, 2, '21.0427483', '105.8025661', '2017-05-08 04:48:02'),
(85, 2, '21.0427483', '105.8025661', '2017-05-08 04:48:03'),
(86, 2, '21.0427483', '105.8025661', '2017-05-08 04:48:03'),
(87, 2, '21.0427483', '105.8025661', '2017-05-08 04:48:04'),
(88, 2, '21.0427483', '105.8025661', '2017-05-08 04:48:04'),
(89, 2, '21.0427483', '105.8025661', '2017-05-08 04:48:05'),
(90, 2, '21.0427483', '105.8025661', '2017-05-08 04:48:05'),
(91, 2, '21.0427483', '105.8025661', '2017-05-08 04:48:06'),
(92, 2, '21.0427483', '105.8025661', '2017-05-08 04:48:07'),
(93, 2, '21.0427483', '105.8025661', '2017-05-08 04:48:07'),
(94, 2, '21.0427483', '105.8025661', '2017-05-08 04:48:07'),
(95, 2, '21.0427483', '105.8025661', '2017-05-08 04:48:08'),
(96, 2, '21.0427483', '105.8025661', '2017-05-08 04:48:08'),
(97, 2, '21.0427483', '105.8025661', '2017-05-08 04:48:09'),
(98, 2, '21.0427483', '105.8025661', '2017-05-08 04:48:09'),
(99, 2, '21.0427483', '105.8025661', '2017-05-08 04:48:10'),
(100, 2, '21.0427483', '105.8025661', '2017-05-08 04:48:10'),
(101, 2, '21.0427483', '105.8025661', '2017-05-08 04:48:11'),
(102, 2, '21.0427483', '105.8025661', '2017-05-08 04:48:11'),
(103, 2, '21.0427483', '105.8025661', '2017-05-08 04:48:12'),
(104, 2, '21.0427483', '105.8025661', '2017-05-08 04:48:12'),
(105, 2, '21.0427483', '105.8025661', '2017-05-08 04:48:12'),
(106, 2, '21.0427483', '105.8025661', '2017-05-08 04:48:13'),
(107, 2, '21.0427483', '105.8025661', '2017-05-08 04:48:13'),
(108, 2, '21.0427483', '105.8025661', '2017-05-08 04:48:14'),
(109, 2, '21.0427483', '105.8025661', '2017-05-08 04:48:14'),
(110, 2, '21.0427483', '105.8025661', '2017-05-08 04:48:15'),
(111, 2, '21.0427483', '105.8025661', '2017-05-08 04:48:15'),
(112, 2, '21.0427483', '105.8025661', '2017-05-08 04:48:16'),
(113, 2, '21.0427483', '105.8025661', '2017-05-08 04:48:16'),
(114, 2, '21.0428475', '105.8024744', '2017-05-08 04:48:18'),
(115, 2, '21.0428475', '105.8024744', '2017-05-08 04:48:18'),
(116, 2, '21.0428475', '105.8024744', '2017-05-08 04:48:19'),
(117, 2, '21.0428475', '105.8024744', '2017-05-08 04:48:19'),
(118, 2, '21.0428475', '105.8024744', '2017-05-08 04:48:19'),
(119, 2, '21.0428475', '105.8024744', '2017-05-08 04:48:20'),
(120, 2, '21.0428475', '105.8024744', '2017-05-08 04:48:20'),
(121, 2, '21.0428475', '105.8024744', '2017-05-08 04:48:21'),
(122, 2, '21.0428475', '105.8024744', '2017-05-08 04:48:21'),
(123, 2, '21.0428475', '105.8024744', '2017-05-08 04:48:22'),
(124, 2, '21.0428475', '105.8024744', '2017-05-08 04:48:22'),
(125, 2, '21.0428475', '105.8024744', '2017-05-08 04:48:23'),
(126, 2, '21.0428475', '105.8024744', '2017-05-08 04:48:23'),
(127, 2, '21.0428475', '105.8024744', '2017-05-08 04:48:23'),
(128, 2, '21.0428475', '105.8024744', '2017-05-08 04:48:24'),
(129, 2, '21.0428475', '105.8024744', '2017-05-08 04:48:24'),
(130, 2, '21.0428475', '105.8024744', '2017-05-08 04:48:25'),
(131, 2, '21.0428475', '105.8024744', '2017-05-08 04:48:25'),
(132, 2, '21.0428475', '105.8024744', '2017-05-08 04:48:26'),
(133, 2, '21.0428475', '105.8024744', '2017-05-08 04:48:26'),
(134, 2, '21.0428475', '105.8024744', '2017-05-08 04:48:27'),
(135, 2, '21.0428475', '105.8024744', '2017-05-08 04:48:27'),
(136, 2, '21.0428301', '105.8026579', '2017-05-08 04:48:27'),
(137, 2, '21.0428301', '105.8026579', '2017-05-08 04:48:28'),
(138, 2, '21.0428301', '105.8026579', '2017-05-08 04:48:28'),
(139, 2, '21.0428301', '105.8026579', '2017-05-08 04:48:29'),
(140, 2, '21.0428301', '105.8026579', '2017-05-08 04:48:29'),
(141, 2, '21.0428301', '105.8026579', '2017-05-08 04:48:30'),
(142, 2, '21.0428301', '105.8026579', '2017-05-08 04:48:30'),
(143, 2, '21.0428301', '105.8026579', '2017-05-08 04:48:31'),
(144, 2, '21.0428301', '105.8026579', '2017-05-08 04:48:31'),
(145, 2, '21.0428301', '105.8026579', '2017-05-08 04:48:31'),
(146, 2, '21.0428301', '105.8026579', '2017-05-08 04:48:32'),
(147, 2, '21.0428301', '105.8026579', '2017-05-08 04:48:32'),
(148, 2, '21.0428301', '105.8026579', '2017-05-08 04:48:33'),
(149, 2, '21.0428301', '105.8026579', '2017-05-08 04:48:33'),
(150, 2, '21.0428301', '105.8026579', '2017-05-08 04:48:34'),
(151, 2, '21.0428301', '105.8026579', '2017-05-08 04:48:34'),
(152, 2, '21.0428301', '105.8026579', '2017-05-08 04:48:35'),
(153, 2, '21.0428301', '105.8026579', '2017-05-08 04:48:35'),
(154, 2, '21.0428301', '105.8026579', '2017-05-08 04:48:36'),
(155, 2, '21.0428301', '105.8026579', '2017-05-08 04:48:36'),
(156, 2, '21.0428301', '105.8026579', '2017-05-08 04:48:36'),
(157, 2, '21.0428301', '105.8026579', '2017-05-08 04:48:37'),
(158, 2, '21.0427483', '105.8025661', '2017-05-08 04:48:37'),
(159, 2, '21.0427483', '105.8025661', '2017-05-08 04:48:38'),
(160, 2, '21.0427483', '105.8025661', '2017-05-08 04:48:38'),
(161, 2, '21.0427483', '105.8025661', '2017-05-08 04:48:39'),
(162, 2, '21.0427483', '105.8025661', '2017-05-08 04:48:39'),
(163, 2, '21.0427483', '105.8025661', '2017-05-08 04:48:40'),
(164, 2, '21.0427483', '105.8025661', '2017-05-08 04:48:40'),
(165, 2, '21.0427483', '105.8025661', '2017-05-08 04:48:41'),
(166, 2, '21.0427483', '105.8025661', '2017-05-08 04:48:41'),
(167, 2, '21.0427483', '105.8025661', '2017-05-08 04:48:42'),
(168, 2, '21.0427483', '105.8025661', '2017-05-08 04:48:42'),
(169, 2, '21.0427483', '105.8025661', '2017-05-08 04:48:43'),
(170, 2, '21.0427483', '105.8025661', '2017-05-08 04:48:43'),
(171, 2, '21.0427483', '105.8025661', '2017-05-08 04:48:43'),
(172, 2, '21.0427483', '105.8025661', '2017-05-08 04:48:44'),
(173, 2, '21.0427483', '105.8025661', '2017-05-08 04:48:44'),
(174, 2, '21.0427483', '105.8025661', '2017-05-08 04:48:45'),
(175, 2, '21.0427483', '105.8025661', '2017-05-08 04:48:45'),
(176, 2, '21.0427483', '105.8025661', '2017-05-08 04:48:46'),
(177, 2, '21.0427483', '105.8025661', '2017-05-08 04:48:46'),
(178, 2, '21.0427483', '105.8025661', '2017-05-08 04:48:46'),
(179, 2, '21.0427483', '105.8025661', '2017-05-08 04:48:47'),
(180, 2, '21.0427483', '105.8025661', '2017-05-08 04:48:47'),
(181, 2, '21.0427483', '105.8025661', '2017-05-08 04:48:48'),
(182, 2, '21.0427483', '105.8025661', '2017-05-08 04:48:49'),
(183, 2, '21.0427483', '105.8025661', '2017-05-08 04:48:49'),
(184, 2, '21.0427483', '105.8025661', '2017-05-08 04:48:49'),
(185, 2, '21.0427483', '105.8025661', '2017-05-08 04:48:50'),
(186, 2, '21.0427483', '105.8025661', '2017-05-08 04:48:50'),
(187, 2, '21.0427483', '105.8025661', '2017-05-08 04:48:51'),
(188, 2, '21.0427483', '105.8025661', '2017-05-08 04:48:52'),
(189, 2, '21.0427483', '105.8025661', '2017-05-08 04:48:52'),
(190, 2, '21.0427483', '105.8025661', '2017-05-08 04:48:52'),
(191, 2, '21.0427483', '105.8025661', '2017-05-08 04:48:53'),
(192, 2, '21.0427483', '105.8025661', '2017-05-08 04:48:53'),
(193, 2, '21.0427483', '105.8025661', '2017-05-08 04:48:54'),
(194, 2, '21.0427483', '105.8025661', '2017-05-08 04:48:54'),
(195, 2, '21.0427483', '105.8025661', '2017-05-08 04:48:55'),
(196, 2, '21.0427483', '105.8025661', '2017-05-08 04:48:55'),
(197, 2, '21.0427483', '105.8025661', '2017-05-08 04:48:55'),
(198, 2, '21.0427483', '105.8025661', '2017-05-08 04:48:56'),
(199, 2, '21.0427483', '105.8025661', '2017-05-08 04:48:56'),
(200, 2, '21.0427483', '105.8025661', '2017-05-08 04:48:57'),
(201, 2, '21.0427483', '105.8025661', '2017-05-08 04:48:57'),
(202, 2, '21.0427483', '105.8025661', '2017-05-08 04:48:58'),
(203, 2, '21.0427483', '105.8025661', '2017-05-08 04:48:58'),
(204, 2, '21.0427483', '105.8025661', '2017-05-08 04:48:59'),
(205, 2, '21.0427483', '105.8025661', '2017-05-08 04:48:59'),
(206, 2, '21.0427483', '105.8025661', '2017-05-08 04:49:00'),
(207, 2, '21.0427483', '105.8025661', '2017-05-08 04:49:00'),
(208, 2, '21.0427483', '105.8025661', '2017-05-08 04:49:00'),
(209, 2, '21.0427483', '105.8025661', '2017-05-08 04:49:01'),
(210, 2, '21.0427483', '105.8025661', '2017-05-08 04:49:01'),
(211, 2, '21.0427483', '105.8025661', '2017-05-08 04:49:02'),
(212, 2, '21.0427483', '105.8025661', '2017-05-08 04:49:02'),
(213, 2, '21.0427483', '105.8025661', '2017-05-08 04:49:03'),
(214, 2, '21.0427483', '105.8025661', '2017-05-08 04:49:03'),
(215, 2, '21.0427483', '105.8025661', '2017-05-08 04:49:04'),
(216, 2, '21.0427483', '105.8025661', '2017-05-08 04:49:04'),
(217, 2, '21.0427483', '105.8025661', '2017-05-08 04:49:05'),
(218, 2, '21.0427483', '105.8025661', '2017-05-08 04:49:05'),
(219, 2, '21.0427483', '105.8025661', '2017-05-08 04:49:05'),
(220, 2, '21.0427483', '105.8025661', '2017-05-08 04:49:06'),
(221, 2, '21.0427483', '105.8025661', '2017-05-08 04:49:06'),
(222, 2, '21.0427483', '105.8025661', '2017-05-08 04:49:07'),
(223, 2, '21.0428475', '105.8024744', '2017-05-08 04:49:07'),
(224, 2, '21.0428475', '105.8024744', '2017-05-08 04:49:08'),
(225, 2, '21.0428475', '105.8024744', '2017-05-08 04:49:08'),
(226, 2, '21.0428475', '105.8024744', '2017-05-08 04:49:09'),
(227, 2, '21.0428475', '105.8024744', '2017-05-08 04:49:09'),
(228, 2, '21.0428475', '105.8024744', '2017-05-08 04:49:10'),
(229, 2, '21.0428475', '105.8024744', '2017-05-08 04:49:10'),
(230, 2, '21.0428475', '105.8024744', '2017-05-08 04:49:11'),
(231, 2, '21.0428475', '105.8024744', '2017-05-08 04:49:11'),
(232, 2, '21.0428475', '105.8024744', '2017-05-08 04:49:11'),
(233, 2, '21.0428475', '105.8024744', '2017-05-08 04:49:12'),
(234, 2, '21.0428475', '105.8024744', '2017-05-08 04:49:12'),
(235, 2, '21.0428475', '105.8024744', '2017-05-08 04:49:13'),
(236, 2, '21.0428475', '105.8024744', '2017-05-08 04:49:13'),
(237, 2, '21.0428475', '105.8024744', '2017-05-08 04:49:14'),
(238, 2, '21.0428475', '105.8024744', '2017-05-08 04:49:14'),
(239, 2, '21.0428475', '105.8024744', '2017-05-08 04:49:15'),
(240, 2, '21.0428475', '105.8024744', '2017-05-08 04:49:15'),
(241, 2, '21.0428475', '105.8024744', '2017-05-08 04:49:16'),
(242, 2, '21.0428475', '105.8024744', '2017-05-08 04:49:16'),
(243, 2, '21.0428475', '105.8024744', '2017-05-08 04:49:16'),
(244, 2, '21.0427483', '105.8025661', '2017-05-08 04:49:17'),
(245, 2, '21.0427483', '105.8025661', '2017-05-08 04:49:17'),
(246, 2, '21.0427483', '105.8025661', '2017-05-08 04:49:18'),
(247, 2, '21.0427483', '105.8025661', '2017-05-08 04:49:18'),
(248, 2, '21.0427483', '105.8025661', '2017-05-08 04:49:19'),
(249, 2, '21.0427483', '105.8025661', '2017-05-08 04:49:19'),
(250, 2, '21.0427483', '105.8025661', '2017-05-08 04:49:20'),
(251, 2, '21.0427483', '105.8025661', '2017-05-08 04:49:20'),
(252, 2, '21.0427483', '105.8025661', '2017-05-08 04:49:21'),
(253, 2, '21.0427483', '105.8025661', '2017-05-08 04:49:21'),
(254, 2, '21.0427483', '105.8025661', '2017-05-08 04:49:21'),
(255, 2, '21.0427483', '105.8025661', '2017-05-08 04:49:22'),
(256, 2, '21.0427483', '105.8025661', '2017-05-08 04:49:22'),
(257, 2, '21.0427483', '105.8025661', '2017-05-08 04:49:23'),
(258, 2, '21.0427483', '105.8025661', '2017-05-08 04:49:23'),
(259, 2, '21.0427483', '105.8025661', '2017-05-08 04:49:24'),
(260, 2, '21.0427483', '105.8025661', '2017-05-08 04:49:24'),
(261, 2, '21.0427483', '105.8025661', '2017-05-08 04:49:25'),
(262, 2, '21.0427483', '105.8025661', '2017-05-08 04:49:25'),
(263, 2, '21.0427483', '105.8025661', '2017-05-08 04:49:26'),
(264, 2, '21.0427483', '105.8025661', '2017-05-08 04:49:26'),
(265, 2, '21.0427483', '105.8025661', '2017-05-08 04:49:26'),
(266, 2, '21.0427483', '105.8025661', '2017-05-08 04:49:27'),
(267, 2, '21.0427483', '105.8025661', '2017-05-08 04:49:27'),
(268, 2, '21.0427483', '105.8025661', '2017-05-08 04:49:28'),
(269, 2, '21.0427483', '105.8025661', '2017-05-08 04:49:29'),
(270, 2, '21.0427483', '105.8025661', '2017-05-08 04:49:29'),
(271, 2, '21.0427483', '105.8025661', '2017-05-08 04:49:29'),
(272, 2, '21.0427483', '105.8025661', '2017-05-08 04:49:30'),
(273, 2, '21.0427483', '105.8025661', '2017-05-08 04:49:30'),
(274, 2, '21.0427483', '105.8025661', '2017-05-08 04:49:31'),
(275, 2, '21.0427483', '105.8025661', '2017-05-08 04:49:31'),
(276, 2, '21.0427483', '105.8025661', '2017-05-08 04:49:32'),
(277, 2, '21.0427483', '105.8025661', '2017-05-08 04:49:32'),
(278, 2, '21.0427483', '105.8025661', '2017-05-08 04:49:33'),
(279, 2, '21.0427483', '105.8025661', '2017-05-08 04:49:33'),
(280, 2, '21.0427483', '105.8025661', '2017-05-08 04:49:34'),
(281, 2, '21.0427483', '105.8025661', '2017-05-08 04:49:34'),
(282, 2, '21.0427483', '105.8025661', '2017-05-08 04:49:35'),
(283, 2, '21.0427483', '105.8025661', '2017-05-08 04:49:35'),
(284, 2, '21.0428301', '105.8026579', '2017-05-08 04:49:36'),
(285, 2, '21.0428301', '105.8026579', '2017-05-08 04:49:36'),
(286, 2, '21.0428301', '105.8026579', '2017-05-08 04:49:37'),
(287, 2, '21.0428301', '105.8026579', '2017-05-08 04:49:37'),
(288, 2, '21.0428301', '105.8026579', '2017-05-08 04:49:38'),
(289, 2, '21.0428301', '105.8026579', '2017-05-08 04:49:38'),
(290, 2, '21.0428301', '105.8026579', '2017-05-08 04:49:38'),
(291, 2, '21.0428301', '105.8026579', '2017-05-08 04:49:39'),
(292, 2, '21.0428301', '105.8026579', '2017-05-08 04:49:39'),
(293, 2, '21.0428301', '105.8026579', '2017-05-08 04:49:40'),
(294, 2, '21.0428301', '105.8026579', '2017-05-08 04:49:40'),
(295, 2, '21.0428301', '105.8026579', '2017-05-08 04:49:41'),
(296, 2, '21.0428301', '105.8026579', '2017-05-08 04:49:41'),
(297, 2, '21.0428301', '105.8026579', '2017-05-08 04:49:42'),
(298, 2, '21.0428301', '105.8026579', '2017-05-08 04:49:42'),
(299, 2, '21.0428301', '105.8026579', '2017-05-08 04:49:43'),
(300, 2, '21.0428301', '105.8026579', '2017-05-08 04:49:43'),
(301, 2, '21.0428301', '105.8026579', '2017-05-08 04:49:43'),
(302, 2, '21.0428301', '105.8026579', '2017-05-08 04:49:44'),
(303, 2, '21.0428301', '105.8026579', '2017-05-08 04:49:45'),
(304, 2, '21.0428301', '105.8026579', '2017-05-08 04:49:45'),
(305, 2, '21.0428688', '105.8025751', '2017-05-08 04:49:46'),
(306, 2, '21.0428688', '105.8025751', '2017-05-08 04:49:46'),
(307, 2, '21.0428688', '105.8025751', '2017-05-08 04:49:46'),
(308, 2, '21.0428688', '105.8025751', '2017-05-08 04:49:47'),
(309, 2, '21.0428688', '105.8025751', '2017-05-08 04:49:48'),
(310, 2, '21.0428688', '105.8025751', '2017-05-08 04:49:48'),
(311, 2, '21.0428688', '105.8025751', '2017-05-08 04:49:48'),
(312, 2, '21.0428688', '105.8025751', '2017-05-08 04:49:49'),
(313, 2, '21.0428688', '105.8025751', '2017-05-08 04:49:49'),
(314, 2, '21.0428688', '105.8025751', '2017-05-08 04:49:50'),
(315, 2, '21.0428688', '105.8025751', '2017-05-08 04:49:50'),
(316, 2, '21.0428688', '105.8025751', '2017-05-08 04:49:51'),
(317, 2, '21.0428688', '105.8025751', '2017-05-08 04:49:51'),
(318, 2, '21.0428688', '105.8025751', '2017-05-08 04:49:52'),
(319, 2, '21.0428688', '105.8025751', '2017-05-08 04:49:52'),
(320, 2, '21.0428688', '105.8025751', '2017-05-08 04:49:53'),
(321, 2, '21.0428688', '105.8025751', '2017-05-08 04:49:54'),
(322, 2, '21.0428688', '105.8025751', '2017-05-08 04:49:54'),
(323, 2, '21.0428688', '105.8025751', '2017-05-08 04:49:55'),
(324, 2, '21.0428688', '105.8025751', '2017-05-08 04:49:55'),
(325, 2, '21.0428301', '105.8026579', '2017-05-08 04:49:56'),
(326, 2, '21.0428301', '105.8026579', '2017-05-08 04:49:56'),
(327, 2, '21.0428301', '105.8026579', '2017-05-08 04:49:57'),
(328, 2, '21.0428301', '105.8026579', '2017-05-08 04:49:57'),
(329, 2, '21.0428301', '105.8026579', '2017-05-08 04:49:57'),
(330, 2, '21.0428301', '105.8026579', '2017-05-08 04:49:58'),
(331, 2, '21.0428301', '105.8026579', '2017-05-08 04:49:58'),
(332, 2, '21.0428301', '105.8026579', '2017-05-08 04:49:59'),
(333, 2, '21.0428301', '105.8026579', '2017-05-08 04:50:00'),
(334, 2, '21.0428301', '105.8026579', '2017-05-08 04:50:00'),
(335, 2, '21.0428301', '105.8026579', '2017-05-08 04:50:01'),
(336, 2, '21.0428301', '105.8026579', '2017-05-08 04:50:01'),
(337, 2, '21.042757', '105.8024744', '2017-05-08 04:50:02'),
(338, 2, '21.042757', '105.8024744', '2017-05-08 04:50:02'),
(339, 2, '21.042757', '105.8024744', '2017-05-08 04:50:03'),
(340, 2, '21.042757', '105.8024744', '2017-05-08 04:50:03'),
(341, 2, '21.042757', '105.8024744', '2017-05-08 04:50:04'),
(342, 2, '21.042757', '105.8024744', '2017-05-08 04:50:04'),
(343, 2, '21.042757', '105.8024744', '2017-05-08 04:50:05'),
(344, 20, '-37.8434683', '145.1632965', '2017-05-08 05:06:44'),
(345, 20, '-37.8435003', '145.1632563', '2017-05-08 05:06:45'),
(346, 20, '-37.8435003', '145.1632563', '2017-05-08 05:06:45'),
(347, 20, '-37.8435003', '145.1632563', '2017-05-08 05:06:45'),
(348, 20, '-37.8435003', '145.1632563', '2017-05-08 05:06:46'),
(349, 20, '-37.8435003', '145.1632563', '2017-05-08 05:06:47'),
(350, 20, '-37.8435003', '145.1632563', '2017-05-08 05:06:47'),
(351, 20, '-37.8435003', '145.1632563', '2017-05-08 05:06:48'),
(352, 20, '-37.8435003', '145.1632563', '2017-05-08 05:06:49'),
(353, 20, '-37.8435003', '145.1632563', '2017-05-08 05:06:49'),
(354, 20, '-37.8435003', '145.1632563', '2017-05-08 05:06:50'),
(355, 20, '-37.8435003', '145.1632563', '2017-05-08 05:06:50'),
(356, 20, '-37.8435003', '145.1632563', '2017-05-08 05:06:51'),
(357, 20, '-37.8435003', '145.1632563', '2017-05-08 05:06:51'),
(358, 20, '-37.8435003', '145.1632563', '2017-05-08 05:06:52'),
(359, 20, '-37.8435003', '145.1632563', '2017-05-08 05:06:52'),
(360, 20, '-37.8435003', '145.1632563', '2017-05-08 05:06:53'),
(361, 20, '-37.8435003', '145.1632563', '2017-05-08 05:06:53'),
(362, 20, '-37.8435003', '145.1632563', '2017-05-08 05:06:54'),
(363, 20, '-37.8435003', '145.1632563', '2017-05-08 05:06:54'),
(364, 20, '-37.8435003', '145.1632563', '2017-05-08 05:06:55'),
(365, 20, '-37.8435003', '145.1632563', '2017-05-08 05:06:55'),
(366, 20, '-37.8435003', '145.1632563', '2017-05-08 05:06:56'),
(367, 20, '-37.8435003', '145.1632563', '2017-05-08 05:06:56'),
(368, 20, '-37.8435003', '145.1632563', '2017-05-08 05:06:57'),
(369, 20, '-37.8435003', '145.1632563', '2017-05-08 05:06:58'),
(370, 20, '-37.8435003', '145.1632563', '2017-05-08 05:06:58'),
(371, 20, '-37.8435003', '145.1632563', '2017-05-08 05:06:59'),
(372, 20, '-37.8435003', '145.1632563', '2017-05-08 05:06:59'),
(373, 20, '-37.8435003', '145.1632563', '2017-05-08 05:07:00'),
(374, 20, '-37.8435003', '145.1632563', '2017-05-08 05:07:00'),
(375, 20, '-37.8435003', '145.1632563', '2017-05-08 05:07:01'),
(376, 20, '-37.8435003', '145.1632563', '2017-05-08 05:07:01'),
(377, 20, '-37.8435003', '145.1632563', '2017-05-08 05:07:02'),
(378, 20, '-37.8435003', '145.1632563', '2017-05-08 05:07:03'),
(379, 20, '-37.8435003', '145.1632563', '2017-05-08 05:07:03'),
(380, 20, '-37.8435003', '145.1632563', '2017-05-08 05:07:04'),
(381, 20, '-37.8435003', '145.1632563', '2017-05-08 05:07:04'),
(382, 20, '-37.8435003', '145.1632563', '2017-05-08 05:07:05'),
(383, 20, '-37.8435003', '145.1632563', '2017-05-08 05:07:05'),
(384, 20, '-37.8435003', '145.1632563', '2017-05-08 05:07:06'),
(385, 20, '-37.8435003', '145.1632563', '2017-05-08 05:07:07'),
(386, 20, '-37.8435003', '145.1632563', '2017-05-08 05:07:07'),
(387, 20, '-37.8435003', '145.1632563', '2017-05-08 05:07:08'),
(388, 20, '-37.8435003', '145.1632563', '2017-05-08 05:07:08'),
(389, 20, '-37.8435003', '145.1632563', '2017-05-08 05:07:09'),
(390, 20, '-37.8435003', '145.1632563', '2017-05-08 05:07:10'),
(391, 20, '-37.841615', '145.1588165', '2017-05-08 05:07:10'),
(392, 20, '-37.841615', '145.1588165', '2017-05-08 05:07:11'),
(393, 20, '-37.841615', '145.1588165', '2017-05-08 05:07:11'),
(394, 20, '-37.841615', '145.1588165', '2017-05-08 05:07:12'),
(395, 20, '-37.841615', '145.1588165', '2017-05-08 05:07:12'),
(396, 20, '-37.841615', '145.1588165', '2017-05-08 05:07:13'),
(397, 20, '-37.841615', '145.1588165', '2017-05-08 05:07:13'),
(398, 20, '-37.841615', '145.1588165', '2017-05-08 05:07:14'),
(399, 20, '-37.841615', '145.1588165', '2017-05-08 05:07:14'),
(400, 20, '-37.841615', '145.1588165', '2017-05-08 05:07:15'),
(401, 20, '-37.841615', '145.1588165', '2017-05-08 05:07:16'),
(402, 20, '-37.841615', '145.1588165', '2017-05-08 05:07:16'),
(403, 20, '-37.841615', '145.1588165', '2017-05-08 05:07:17'),
(404, 20, '-37.841615', '145.1588165', '2017-05-08 05:07:17'),
(405, 20, '-37.841615', '145.1588165', '2017-05-08 05:07:18'),
(406, 20, '-37.8400856', '145.1517612', '2017-05-08 05:07:19'),
(407, 20, '-37.8400856', '145.1517612', '2017-05-08 05:07:19'),
(408, 20, '-37.8400856', '145.1517612', '2017-05-08 05:07:20'),
(409, 20, '-37.8400856', '145.1517612', '2017-05-08 05:07:20'),
(410, 20, '-37.8400856', '145.1517612', '2017-05-08 05:07:21'),
(411, 20, '-37.8400856', '145.1517612', '2017-05-08 05:07:21'),
(412, 20, '-37.8400856', '145.1517612', '2017-05-08 05:07:22'),
(413, 20, '-37.8400856', '145.1517612', '2017-05-08 05:07:22'),
(414, 20, '-37.8400856', '145.1517612', '2017-05-08 05:07:24'),
(415, 20, '-37.8400856', '145.1517612', '2017-05-08 05:07:24'),
(416, 20, '-37.8400856', '145.1517612', '2017-05-08 05:07:25'),
(417, 20, '-37.8400856', '145.1517612', '2017-05-08 05:07:26'),
(418, 20, '-37.8391599', '145.1489778', '2017-05-08 05:07:27'),
(419, 20, '-37.8391599', '145.1489778', '2017-05-08 05:07:27'),
(420, 20, '-37.8391599', '145.1489778', '2017-05-08 05:07:28'),
(421, 20, '-37.8391599', '145.1489778', '2017-05-08 05:07:29'),
(422, 20, '-37.8391599', '145.1489778', '2017-05-08 05:07:29'),
(423, 20, '-37.8391599', '145.1489778', '2017-05-08 05:07:30'),
(424, 20, '-37.8391599', '145.1489778', '2017-05-08 05:07:30'),
(425, 20, '-37.8391599', '145.1489778', '2017-05-08 05:07:31'),
(426, 20, '-37.8391599', '145.1489778', '2017-05-08 05:07:31'),
(427, 20, '-37.8391599', '145.1489778', '2017-05-08 05:07:32'),
(428, 20, '-37.8391599', '145.1489778', '2017-05-08 05:07:32'),
(429, 20, '-37.8391599', '145.1489778', '2017-05-08 05:07:33'),
(430, 20, '-37.8391599', '145.1489778', '2017-05-08 05:07:33'),
(431, 20, '-37.8391599', '145.1489778', '2017-05-08 05:07:34'),
(432, 20, '-37.8391599', '145.1489778', '2017-05-08 05:07:34'),
(433, 20, '-37.8391599', '145.1489778', '2017-05-08 05:07:35'),
(434, 20, '-37.8442216', '145.1602136', '2017-05-08 05:07:35'),
(435, 20, '-37.8442216', '145.1602136', '2017-05-08 05:07:36'),
(436, 20, '-37.8442216', '145.1602136', '2017-05-08 05:07:36'),
(437, 20, '-37.8442216', '145.1602136', '2017-05-08 05:07:37'),
(438, 20, '-37.8442216', '145.1602136', '2017-05-08 05:07:38'),
(439, 20, '-37.8442216', '145.1602136', '2017-05-08 05:07:38'),
(440, 20, '-37.8442216', '145.1602136', '2017-05-08 05:07:39'),
(441, 20, '-37.8442216', '145.1602136', '2017-05-08 05:07:39'),
(442, 20, '-37.8442216', '145.1602136', '2017-05-08 05:07:40'),
(443, 20, '-37.8442216', '145.1602136', '2017-05-08 05:07:41'),
(444, 20, '-37.8442216', '145.1602136', '2017-05-08 05:07:41'),
(445, 20, '-37.8442216', '145.1602136', '2017-05-08 05:07:42'),
(446, 20, '-37.8442216', '145.1602136', '2017-05-08 05:07:42'),
(447, 20, '-37.8442216', '145.1602136', '2017-05-08 05:07:43'),
(448, 20, '-37.8442216', '145.1602136', '2017-05-08 05:07:43'),
(449, 20, '-37.8373606', '145.160888', '2017-05-08 05:07:44'),
(450, 20, '-37.8373606', '145.160888', '2017-05-08 05:07:45'),
(451, 20, '-37.8373606', '145.160888', '2017-05-08 05:07:46'),
(452, 20, '-37.8373606', '145.160888', '2017-05-08 05:07:46'),
(453, 20, '-37.8373606', '145.160888', '2017-05-08 05:07:47'),
(454, 20, '-37.8373606', '145.160888', '2017-05-08 05:07:47'),
(455, 20, '-37.8373606', '145.160888', '2017-05-08 05:07:48'),
(456, 20, '-37.8373606', '145.160888', '2017-05-08 05:07:48'),
(457, 20, '-37.8373606', '145.160888', '2017-05-08 05:07:49'),
(458, 20, '-37.8373606', '145.160888', '2017-05-08 05:07:50'),
(459, 20, '-37.8373606', '145.160888', '2017-05-08 05:07:50'),
(460, 20, '-37.8373606', '145.160888', '2017-05-08 05:07:51'),
(461, 20, '-37.8373606', '145.160888', '2017-05-08 05:07:51'),
(462, 20, '-37.8373606', '145.160888', '2017-05-08 05:07:52'),
(463, 20, '-37.8280791', '145.1574257', '2017-05-08 05:07:52'),
(464, 20, '-37.8280791', '145.1574257', '2017-05-08 05:07:53'),
(465, 20, '-37.8280791', '145.1574257', '2017-05-08 05:07:53'),
(466, 20, '-37.8280791', '145.1574257', '2017-05-08 05:07:54'),
(467, 20, '-37.8280791', '145.1574257', '2017-05-08 05:07:54'),
(468, 20, '-37.8280791', '145.1574257', '2017-05-08 05:07:55'),
(469, 20, '-37.8280791', '145.1574257', '2017-05-08 05:07:55'),
(470, 20, '-37.8280791', '145.1574257', '2017-05-08 05:07:56'),
(471, 20, '-37.8280791', '145.1574257', '2017-05-08 05:07:56'),
(472, 20, '-37.8280791', '145.1574257', '2017-05-08 05:07:57'),
(473, 20, '-37.8280791', '145.1574257', '2017-05-08 05:07:58'),
(474, 20, '-37.8280791', '145.1574257', '2017-05-08 05:07:58'),
(475, 20, '-37.8280791', '145.1574257', '2017-05-08 05:07:59'),
(476, 20, '-37.8280791', '145.1574257', '2017-05-08 05:08:00'),
(477, 20, '-37.8280791', '145.1574257', '2017-05-08 05:08:00'),
(478, 20, '-37.81261', '145.1516553', '2017-05-08 05:08:01'),
(479, 20, '-37.81261', '145.1516553', '2017-05-08 05:08:01'),
(480, 20, '-37.81261', '145.1516553', '2017-05-08 05:08:02'),
(481, 20, '-37.81261', '145.1516553', '2017-05-08 05:08:02'),
(482, 20, '-37.81261', '145.1516553', '2017-05-08 05:08:03'),
(483, 20, '-37.81261', '145.1516553', '2017-05-08 05:08:03'),
(484, 20, '-37.81261', '145.1516553', '2017-05-08 05:08:04'),
(485, 20, '-37.81261', '145.1516553', '2017-05-08 05:08:04'),
(486, 20, '-37.81261', '145.1516553', '2017-05-08 05:08:05'),
(487, 20, '-37.81261', '145.1516553', '2017-05-08 05:08:05'),
(488, 20, '-37.81261', '145.1516553', '2017-05-08 05:08:06'),
(489, 20, '-37.81261', '145.1516553', '2017-05-08 05:08:06'),
(490, 20, '-37.81261', '145.1516553', '2017-05-08 05:08:07'),
(491, 20, '-37.81261', '145.1516553', '2017-05-08 05:08:07'),
(492, 20, '-37.81261', '145.1516553', '2017-05-08 05:08:08'),
(493, 20, '-37.81261', '145.1516553', '2017-05-08 05:08:08'),
(494, 20, '-37.81261', '145.1516553', '2017-05-08 05:08:09'),
(495, 20, '-37.81261', '145.1516553', '2017-05-08 05:08:09'),
(496, 20, '0.0', '0.0', '2017-05-08 05:08:10'),
(497, 20, '0.0', '0.0', '2017-05-08 05:08:10'),
(498, 20, '0.0', '0.0', '2017-05-08 05:08:11'),
(499, 20, '0.0', '0.0', '2017-05-08 05:08:11'),
(500, 20, '0.0', '0.0', '2017-05-08 05:08:12'),
(501, 20, '0.0', '0.0', '2017-05-08 05:08:12'),
(502, 20, '0.0', '0.0', '2017-05-08 05:08:13'),
(503, 20, '0.0', '0.0', '2017-05-08 05:08:13'),
(504, 20, '0.0', '0.0', '2017-05-08 05:08:14'),
(505, 20, '0.0', '0.0', '2017-05-08 05:08:14'),
(506, 20, '0.0', '0.0', '2017-05-08 05:08:15'),
(507, 20, '-37.82548486252932', '145.15250373725615', '2017-05-08 05:08:16'),
(508, 20, '-37.82548486252932', '145.15250373725615', '2017-05-08 05:08:16'),
(509, 20, '-37.82548216051492', '145.15250499841065', '2017-05-08 05:08:17'),
(510, 20, '-37.82548216051492', '145.15250499841065', '2017-05-08 05:08:17'),
(511, 20, '-37.82547284800247', '145.15252910169903', '2017-05-08 05:08:20'),
(512, 20, '-37.82547284800247', '145.15252910169903', '2017-05-08 05:08:21'),
(513, 20, '-37.82547256509703', '145.15253337343995', '2017-05-08 05:08:21'),
(514, 20, '-37.82547256509703', '145.15253337343995', '2017-05-08 05:08:22'),
(515, 20, '-37.82547299759915', '145.15253344716317', '2017-05-08 05:08:22'),
(516, 20, '-37.82547299759915', '145.15253344716317', '2017-05-08 05:08:23'),
(517, 20, '-37.82547395208633', '145.15253415310625', '2017-05-08 05:08:23'),
(518, 20, '-37.82547395208633', '145.15253415310625', '2017-05-08 05:08:24'),
(519, 20, '-37.8254751987464', '145.1525323137074', '2017-05-08 05:08:24'),
(520, 20, '-37.8254751987464', '145.1525323137074', '2017-05-08 05:08:25'),
(521, 20, '-37.82547887652379', '145.1525289237723', '2017-05-08 05:08:25'),
(522, 20, '-37.82546567916597', '145.15246223210673', '2017-05-08 05:08:50'),
(523, 20, '-37.82546567916597', '145.15246223210673', '2017-05-08 05:08:50'),
(524, 20, '-37.82546567916597', '145.15246223210673', '2017-05-08 05:08:51'),
(525, 20, '-37.82546567916597', '145.15246223210673', '2017-05-08 05:08:51'),
(526, 20, '-37.82546567916597', '145.15246223210673', '2017-05-08 05:08:52'),
(527, 20, '-37.82546567916597', '145.15246223210673', '2017-05-08 05:08:52'),
(528, 20, '-37.82546567916597', '145.15246223210673', '2017-05-08 05:08:53'),
(529, 20, '-37.82546567916597', '145.15246223210673', '2017-05-08 05:08:53'),
(530, 20, '-37.82546567916597', '145.15246223210673', '2017-05-08 05:08:54'),
(531, 20, '-37.82546567916597', '145.15246223210673', '2017-05-08 05:08:54'),
(532, 20, '-37.82546567916597', '145.15246223210673', '2017-05-08 05:08:55'),
(533, 20, '-37.82546567916597', '145.15246223210673', '2017-05-08 05:08:55'),
(534, 20, '-37.82546567916597', '145.15246223210673', '2017-05-08 05:08:56'),
(535, 20, '-37.82546567916597', '145.15246223210673', '2017-05-08 05:08:56'),
(536, 20, '-37.82546567916597', '145.15246223210673', '2017-05-08 05:08:57'),
(537, 20, '-37.82546567916597', '145.15246223210673', '2017-05-08 05:08:57'),
(538, 20, '-37.82546567916597', '145.15246223210673', '2017-05-08 05:08:58'),
(539, 20, '-37.82546567916597', '145.15246223210673', '2017-05-08 05:08:58'),
(540, 20, '-37.82546567916597', '145.15246223210673', '2017-05-08 05:08:59'),
(541, 20, '-37.82546567916597', '145.15246223210673', '2017-05-08 05:08:59'),
(542, 20, '-37.82546567916597', '145.15246223210673', '2017-05-08 05:08:59'),
(543, 20, '-37.82546567916597', '145.15246223210673', '2017-05-08 05:09:00'),
(544, 20, '-37.82546567916597', '145.15246223210673', '2017-05-08 05:09:01'),
(545, 20, '-37.82546567916597', '145.15246223210673', '2017-05-08 05:09:01'),
(546, 20, '-37.82546567916597', '145.15246223210673', '2017-05-08 05:09:02'),
(547, 20, '-37.82546567916597', '145.15246223210673', '2017-05-08 05:09:02'),
(548, 20, '-37.82546567916597', '145.15246223210673', '2017-05-08 05:09:02'),
(549, 20, '-37.82546567916597', '145.15246223210673', '2017-05-08 05:09:03'),
(550, 20, '-37.82546567916597', '145.15246223210673', '2017-05-08 05:09:03'),
(551, 20, '-37.82546567916597', '145.15246223210673', '2017-05-08 05:09:04'),
(552, 20, '-37.82546567916597', '145.15246223210673', '2017-05-08 05:09:04'),
(553, 20, '-37.82546567916597', '145.15246223210673', '2017-05-08 05:09:05'),
(554, 20, '-37.82546567916597', '145.15246223210673', '2017-05-08 05:09:05'),
(555, 20, '-37.82546567916597', '145.15246223210673', '2017-05-08 05:09:06'),
(556, 20, '-37.82546567916597', '145.15246223210673', '2017-05-08 05:09:06'),
(557, 20, '-37.82546567916597', '145.15246223210673', '2017-05-08 05:09:07'),
(558, 20, '-37.82546567916597', '145.15246223210673', '2017-05-08 05:09:07'),
(559, 20, '-37.82546567916597', '145.15246223210673', '2017-05-08 05:09:08'),
(560, 20, '-37.82546567916597', '145.15246223210673', '2017-05-08 05:09:08'),
(561, 20, '-37.82546567916597', '145.15246223210673', '2017-05-08 05:09:09'),
(562, 20, '-37.82546567916597', '145.15246223210673', '2017-05-08 05:09:10'),
(563, 20, '-37.82546567916597', '145.15246223210673', '2017-05-08 05:09:10'),
(564, 20, '-37.82546567916597', '145.15246223210673', '2017-05-08 05:09:10'),
(565, 20, '-37.82546567916597', '145.15246223210673', '2017-05-08 05:09:11'),
(566, 20, '-37.82546567916597', '145.15246223210673', '2017-05-08 05:09:11'),
(567, 20, '-37.82546567916597', '145.15246223210673', '2017-05-08 05:09:11'),
(568, 20, '-37.82546567916597', '145.15246223210673', '2017-05-08 05:09:12'),
(569, 20, '-37.82546567916597', '145.15246223210673', '2017-05-08 05:09:12'),
(570, 20, '-37.82546567916597', '145.15246223210673', '2017-05-08 05:09:13'),
(571, 20, '-37.82546567916597', '145.15246223210673', '2017-05-08 05:09:13'),
(572, 20, '-37.82546567916597', '145.15246223210673', '2017-05-08 05:09:14'),
(573, 20, '-37.82546567916597', '145.15246223210673', '2017-05-08 05:09:14'),
(574, 20, '-37.82546567916597', '145.15246223210673', '2017-05-08 05:09:15'),
(575, 20, '-37.82546567916597', '145.15246223210673', '2017-05-08 05:09:15'),
(576, 20, '-37.82546567916597', '145.15246223210673', '2017-05-08 05:09:15'),
(577, 20, '-37.82546567916597', '145.15246223210673', '2017-05-08 05:09:16'),
(578, 20, '-37.82546567916597', '145.15246223210673', '2017-05-08 05:09:16'),
(579, 20, '-37.82546567916597', '145.15246223210673', '2017-05-08 05:09:17'),
(580, 20, '-37.82546567916597', '145.15246223210673', '2017-05-08 05:09:17'),
(581, 20, '-37.82546567916597', '145.15246223210673', '2017-05-08 05:09:18'),
(582, 20, '-37.82546567916597', '145.15246223210673', '2017-05-08 05:09:18'),
(583, 20, '-37.82546567916597', '145.15246223210673', '2017-05-08 05:09:19'),
(584, 20, '-37.82546567916597', '145.15246223210673', '2017-05-08 05:09:19'),
(585, 20, '-37.82546567916597', '145.15246223210673', '2017-05-08 05:09:20'),
(586, 20, '-37.82549674609677', '145.15246830379317', '2017-05-08 05:09:20'),
(587, 20, '-37.82549674609677', '145.15246830379317', '2017-05-08 05:09:20'),
(588, 20, '-37.82549674609677', '145.15246830379317', '2017-05-08 05:09:20'),
(589, 20, '-37.82551261233626', '145.1524736975153', '2017-05-08 05:09:21'),
(590, 20, '-37.82551261233626', '145.1524736975153', '2017-05-08 05:09:21'),
(591, 20, '-37.82551261233626', '145.1524736975153', '2017-05-08 05:09:21'),
(592, 20, '-37.82551261233626', '145.1524736975153', '2017-05-08 05:09:22'),
(593, 20, '-37.82551261233626', '145.1524736975153', '2017-05-08 05:09:22'),
(594, 20, '-37.82551261233626', '145.1524736975153', '2017-05-08 05:09:23'),
(595, 20, '-37.82551261233626', '145.1524736975153', '2017-05-08 05:09:23'),
(596, 20, '-37.82551261233626', '145.1524736975153', '2017-05-08 05:09:24'),
(597, 20, '-37.82551261233626', '145.1524736975153', '2017-05-08 05:09:24'),
(598, 20, '-37.82551261233626', '145.1524736975153', '2017-05-08 05:09:25'),
(599, 20, '-37.82551261233626', '145.1524736975153', '2017-05-08 05:09:25'),
(600, 20, '-37.82551261233626', '145.1524736975153', '2017-05-08 05:09:26'),
(601, 20, '-37.82551261233626', '145.1524736975153', '2017-05-08 05:09:26'),
(602, 20, '-37.82551261233626', '145.1524736975153', '2017-05-08 05:09:27'),
(603, 20, '-37.82551261233626', '145.1524736975153', '2017-05-08 05:09:27'),
(604, 20, '-37.82551261233626', '145.1524736975153', '2017-05-08 05:09:28'),
(605, 20, '-37.82551261233626', '145.1524736975153', '2017-05-08 05:09:28'),
(606, 20, '-37.82551261233626', '145.1524736975153', '2017-05-08 05:09:29'),
(607, 20, '-37.82551261233626', '145.1524736975153', '2017-05-08 05:09:29'),
(608, 20, '-37.82551261233626', '145.1524736975153', '2017-05-08 05:09:30'),
(609, 20, '-37.82551261233626', '145.1524736975153', '2017-05-08 05:09:30'),
(610, 20, '-37.82551261233626', '145.1524736975153', '2017-05-08 05:09:30'),
(611, 20, '-37.82551261233626', '145.1524736975153', '2017-05-08 05:09:31'),
(612, 20, '-37.82551261233626', '145.1524736975153', '2017-05-08 05:09:31'),
(613, 20, '-37.82551261233626', '145.1524736975153', '2017-05-08 05:09:32'),
(614, 20, '-37.82551261233626', '145.1524736975153', '2017-05-08 05:09:32'),
(615, 20, '-37.82551261233626', '145.1524736975153', '2017-05-08 05:09:33'),
(616, 20, '-37.82551261233626', '145.1524736975153', '2017-05-08 05:09:33'),
(617, 20, '-37.82551261233626', '145.1524736975153', '2017-05-08 05:09:34'),
(618, 20, '-37.82558375603466', '145.15248817182348', '2017-05-08 05:09:34'),
(619, 20, '-37.82558375603466', '145.15248817182348', '2017-05-08 05:09:34'),
(620, 20, '-37.82558375603466', '145.15248817182348', '2017-05-08 05:09:35'),
(621, 20, '-37.8255971319744', '145.1525192232692', '2017-05-08 05:09:35'),
(622, 20, '-37.8255971319744', '145.1525192232692', '2017-05-08 05:09:35'),
(623, 20, '-37.8255971319744', '145.1525192232692', '2017-05-08 05:09:36'),
(624, 20, '-37.82567473751731', '145.15255350901205', '2017-05-08 05:09:40'),
(625, 20, '-37.82567473751731', '145.15255350901205', '2017-05-08 05:09:40'),
(626, 20, '-37.82567473751731', '145.15255350901205', '2017-05-08 05:09:41'),
(627, 20, '-37.82569856314226', '145.15256901383339', '2017-05-08 05:09:42'),
(628, 20, '-37.82569856314226', '145.15256901383339', '2017-05-08 05:09:42'),
(629, 20, '-37.82569856314226', '145.15256901383339', '2017-05-08 05:09:43'),
(630, 20, '-37.8257303869262', '145.1525667180111', '2017-05-08 05:09:44'),
(631, 20, '-37.8257303869262', '145.1525667180111', '2017-05-08 05:09:44'),
(632, 20, '-37.8257303869262', '145.1525667180111', '2017-05-08 05:09:45'),
(633, 20, '-37.82577587703528', '145.15255922935273', '2017-05-08 05:09:47'),
(634, 20, '-37.82577587703528', '145.15255922935273', '2017-05-08 05:09:47'),
(635, 20, '-37.82577587703528', '145.15255922935273', '2017-05-08 05:09:48'),
(636, 20, '-37.82579310737788', '145.15256542527305', '2017-05-08 05:09:49'),
(637, 20, '-37.82579310737788', '145.15256542527305', '2017-05-08 05:09:49'),
(638, 20, '-37.82579310737788', '145.15256542527305', '2017-05-08 05:09:50'),
(639, 20, '-37.82580902600961', '145.152567178568', '2017-05-08 05:09:50'),
(640, 20, '-37.82580902600961', '145.152567178568', '2017-05-08 05:09:50'),
(641, 20, '-37.82580902600961', '145.152567178568', '2017-05-08 05:09:51'),
(642, 20, '-37.82584267753004', '145.15256452485298', '2017-05-08 05:09:52'),
(643, 20, '-37.82584267753004', '145.15256452485298', '2017-05-08 05:09:52'),
(644, 20, '-37.82584267753004', '145.15256452485298', '2017-05-08 05:09:53'),
(645, 20, '-37.82588096919586', '145.1525574942485', '2017-05-08 05:09:54'),
(646, 20, '-37.82588096919586', '145.1525574942485', '2017-05-08 05:09:54'),
(647, 20, '-37.82588096919586', '145.1525574942485', '2017-05-08 05:09:55'),
(648, 20, '-37.82591480565218', '145.15256245540468', '2017-05-08 05:09:57'),
(649, 20, '-37.82591480565218', '145.15256245540468', '2017-05-08 05:09:57'),
(650, 20, '-37.82591480565218', '145.15256245540468', '2017-05-08 05:09:57'),
(651, 20, '-37.82591480565218', '145.15256245540468', '2017-05-08 05:09:58'),
(652, 20, '-37.82592192081486', '145.15256595153832', '2017-05-08 05:09:58'),
(653, 20, '-37.82592566624124', '145.1525681777716', '2017-05-08 05:09:59'),
(654, 20, '-37.82592566624124', '145.1525681777716', '2017-05-08 05:09:59'),
(655, 20, '-37.82592566624124', '145.1525681777716', '2017-05-08 05:09:59'),
(656, 20, '-37.82592566624124', '145.1525681777716', '2017-05-08 05:10:00'),
(657, 20, '-37.82593429210347', '145.15257339047346', '2017-05-08 05:10:00'),
(658, 20, '-37.82593429210347', '145.15257339047346', '2017-05-08 05:10:00'),
(659, 20, '-37.82594629723703', '145.15258134508315', '2017-05-08 05:10:02'),
(660, 20, '-37.82594629723703', '145.15258134508315', '2017-05-08 05:10:03'),
(661, 20, '-37.82595651990519', '145.15258794089118', '2017-05-08 05:10:03'),
(662, 20, '-37.82595651990519', '145.15258794089118', '2017-05-08 05:10:03'),
(663, 20, '-37.82595651990519', '145.15258794089118', '2017-05-08 05:10:04'),
(664, 20, '-37.82596854597547', '145.15259483628753', '2017-05-08 05:10:04'),
(665, 20, '-37.82596854597547', '145.15259483628753', '2017-05-08 05:10:04'),
(666, 20, '-37.82596854597547', '145.15259483628753', '2017-05-08 05:10:05'),
(667, 20, '-37.82599500918661', '145.15260405467842', '2017-05-08 05:10:08'),
(668, 20, '-37.82599500918661', '145.15260405467842', '2017-05-08 05:10:08'),
(669, 20, '-37.82599500918661', '145.15260405467842', '2017-05-08 05:10:09'),
(670, 20, '-37.82600524291447', '145.15260454856238', '2017-05-08 05:10:09'),
(671, 20, '-37.82600524291447', '145.15260454856238', '2017-05-08 05:10:09'),
(672, 20, '-37.82600524291447', '145.15260454856238', '2017-05-08 05:10:10'),
(673, 20, '-37.82600519866739', '145.1526024448115', '2017-05-08 05:10:10'),
(674, 20, '-37.82600519866739', '145.1526024448115', '2017-05-08 05:10:11'),
(675, 20, '-37.8260067823483', '145.15260163837837', '2017-05-08 05:10:11'),
(676, 20, '-37.8260067823483', '145.15260163837837', '2017-05-08 05:10:12'),
(677, 20, '-37.82601223326754', '145.15259573571842', '2017-05-08 05:10:13'),
(678, 20, '-37.82601223326754', '145.15259573571842', '2017-05-08 05:10:13'),
(679, 20, '-37.82601223326754', '145.15259573571842', '2017-05-08 05:10:14'),
(680, 20, '-37.82601267152868', '145.1525948716744', '2017-05-08 05:10:14'),
(681, 20, '-37.82601267152868', '145.1525948716744', '2017-05-08 05:10:15'),
(682, 20, '-37.826015123913', '145.15259350955102', '2017-05-08 05:10:15'),
(683, 20, '-37.826015123913', '145.15259350955102', '2017-05-08 05:10:16'),
(684, 20, '-37.82602244936869', '145.15259312844137', '2017-05-08 05:10:17'),
(685, 20, '-37.82602244936869', '145.15259312844137', '2017-05-08 05:10:17'),
(686, 20, '-37.82602244936869', '145.15259312844137', '2017-05-08 05:10:18'),
(687, 20, '-37.82604146271077', '145.1525874946702', '2017-05-08 05:10:18'),
(688, 20, '-37.82604146271077', '145.1525874946702', '2017-05-08 05:10:18'),
(689, 20, '-37.82604146271077', '145.1525874946702', '2017-05-08 05:10:19'),
(690, 20, '-37.82607368705565', '145.15257804327354', '2017-05-08 05:10:20'),
(691, 20, '-37.82607368705565', '145.15257804327354', '2017-05-08 05:10:20'),
(692, 20, '-37.82607368705565', '145.15257804327354', '2017-05-08 05:10:21'),
(693, 20, '-37.82608242152272', '145.15258096907405', '2017-05-08 05:10:21'),
(694, 20, '-37.82608242152272', '145.15258096907405', '2017-05-08 05:10:21'),
(695, 20, '-37.82608242152272', '145.15258096907405', '2017-05-08 05:10:22'),
(696, 20, '-37.82611322846313', '145.15258354915488', '2017-05-08 05:10:23'),
(697, 20, '-37.82611322846313', '145.15258354915488', '2017-05-08 05:10:23'),
(698, 20, '-37.82611322846313', '145.15258354915488', '2017-05-08 05:10:24'),
(699, 20, '-37.82612357820236', '145.1525922042013', '2017-05-08 05:10:24'),
(700, 20, '-37.82612357820236', '145.1525922042013', '2017-05-08 05:10:24'),
(701, 20, '-37.82613660222988', '145.152599574128', '2017-05-08 05:10:25'),
(702, 20, '-37.82613660222988', '145.152599574128', '2017-05-08 05:10:25'),
(703, 20, '-37.82613660222988', '145.152599574128', '2017-05-08 05:10:25'),
(704, 20, '-37.82616031703721', '145.15260549646564', '2017-05-08 05:10:26'),
(705, 20, '-37.82616031703721', '145.15260549646564', '2017-05-08 05:10:26'),
(706, 20, '-37.82616031703721', '145.15260549646564', '2017-05-08 05:10:27'),
(707, 20, '-37.82617175321805', '145.15261230375455', '2017-05-08 05:10:27'),
(708, 20, '-37.82617175321805', '145.15261230375455', '2017-05-08 05:10:27'),
(709, 20, '-37.82617175321805', '145.15261230375455', '2017-05-08 05:10:28'),
(710, 20, '-37.82620749923135', '145.1526220073221', '2017-05-08 05:10:30'),
(711, 20, '-37.82620749923135', '145.1526220073221', '2017-05-08 05:10:31'),
(712, 20, '-37.82621425772257', '145.1526283683243', '2017-05-08 05:10:31'),
(713, 20, '-37.82621425772257', '145.1526283683243', '2017-05-08 05:10:31'),
(714, 20, '-37.82621425772257', '145.1526283683243', '2017-05-08 05:10:32'),
(715, 20, '-37.82623148431074', '145.15264871808645', '2017-05-08 05:10:34'),
(716, 20, '-37.82623148431074', '145.15264871808645', '2017-05-08 05:10:34'),
(717, 20, '-37.82623148431074', '145.15264871808645', '2017-05-08 05:10:35'),
(718, 20, '-37.82624554923002', '145.15265102196292', '2017-05-08 05:10:35'),
(719, 20, '-37.82624554923002', '145.15265102196292', '2017-05-08 05:10:35'),
(720, 20, '-37.82624554923002', '145.15265102196292', '2017-05-08 05:10:36'),
(721, 20, '-37.82628299131456', '145.1526633828501', '2017-05-08 05:10:38'),
(722, 20, '-37.82628299131456', '145.1526633828501', '2017-05-08 05:10:38'),
(723, 20, '-37.82628299131456', '145.1526633828501', '2017-05-08 05:10:39'),
(724, 20, '-37.82632673892596', '145.15267342330182', '2017-05-08 05:10:42'),
(725, 20, '-37.82632673892596', '145.15267342330182', '2017-05-08 05:10:42'),
(726, 20, '-37.82632673892596', '145.15267342330182', '2017-05-08 05:10:43'),
(727, 20, '-37.82633447161512', '145.1526758826285', '2017-05-08 05:10:43'),
(728, 20, '-37.82633447161512', '145.1526758826285', '2017-05-08 05:10:44'),
(729, 20, '-37.82634403450929', '145.15267724337622', '2017-05-08 05:10:44'),
(730, 20, '-37.82634403450929', '145.15267724337622', '2017-05-08 05:10:44'),
(731, 20, '-37.82634403450929', '145.15267724337622', '2017-05-08 05:10:45'),
(732, 20, '-37.82635182080734', '145.15267672481178', '2017-05-08 05:10:45'),
(733, 20, '-37.82635182080734', '145.15267672481178', '2017-05-08 05:10:46'),
(734, 20, '-37.8263625918167', '145.15267385785242', '2017-05-08 05:10:46'),
(735, 20, '-37.8263625918167', '145.15267385785242', '2017-05-08 05:10:46'),
(736, 20, '-37.8263625918167', '145.15267385785242', '2017-05-08 05:10:47'),
(737, 20, '-37.82638914578002', '145.15267493819113', '2017-05-08 05:10:48'),
(738, 20, '-37.82638914578002', '145.15267493819113', '2017-05-08 05:10:48'),
(739, 20, '-37.82638914578002', '145.15267493819113', '2017-05-08 05:10:49'),
(740, 20, '-37.82641048026391', '145.15267921946233', '2017-05-08 05:10:50'),
(741, 20, '-37.82641048026391', '145.15267921946233', '2017-05-08 05:10:51'),
(742, 20, '-37.82642482418066', '145.15269485708046', '2017-05-08 05:10:52'),
(743, 20, '-37.82642482418066', '145.15269485708046', '2017-05-08 05:10:52'),
(744, 20, '-37.82642482418066', '145.15269485708046', '2017-05-08 05:10:53'),
(745, 20, '-37.82643550138892', '145.15269507983905', '2017-05-08 05:10:53'),
(746, 20, '-37.82643550138892', '145.15269507983905', '2017-05-08 05:10:53'),
(747, 20, '-37.82643550138892', '145.15269507983905', '2017-05-08 05:10:54'),
(748, 20, '-37.8264606427874', '145.15270029158444', '2017-05-08 05:10:55'),
(749, 20, '-37.8264606427874', '145.15270029158444', '2017-05-08 05:10:55'),
(750, 20, '-37.8264606427874', '145.15270029158444', '2017-05-08 05:10:56'),
(751, 20, '-37.82649617517553', '145.15272013927583', '2017-05-08 05:10:58'),
(752, 20, '-37.82649617517553', '145.15272013927583', '2017-05-08 05:10:58'),
(753, 20, '-37.82649617517553', '145.15272013927583', '2017-05-08 05:10:59'),
(754, 20, '-37.8265056829181', '145.15272824124364', '2017-05-08 05:10:59'),
(755, 20, '-37.8265056829181', '145.15272824124364', '2017-05-08 05:10:59'),
(756, 20, '-37.8265056829181', '145.15272824124364', '2017-05-08 05:11:00'),
(757, 20, '-37.82651446541731', '145.15273264720696', '2017-05-08 05:11:00'),
(758, 20, '-37.82651446541731', '145.15273264720696', '2017-05-08 05:11:00'),
(759, 20, '-37.82651446541731', '145.15273264720696', '2017-05-08 05:11:01'),
(760, 20, '-37.82655841650664', '145.1527372749442', '2017-05-08 05:11:03'),
(761, 20, '-37.82655841650664', '145.1527372749442', '2017-05-08 05:11:03'),
(762, 20, '-37.82655841650664', '145.1527372749442', '2017-05-08 05:11:04'),
(763, 20, '-37.82659650109805', '145.1527387142862', '2017-05-08 05:11:05'),
(764, 20, '-37.82659650109805', '145.1527387142862', '2017-05-08 05:11:05'),
(765, 20, '-37.82659650109805', '145.1527387142862', '2017-05-08 05:11:06');
INSERT INTO `log_lat_long` (`id`, `user_id`, `lat`, `long`, `time`) VALUES
(766, 20, '-37.82659909156579', '145.15274659175037', '2017-05-08 05:11:06'),
(767, 20, '-37.82659909156579', '145.15274659175037', '2017-05-08 05:11:07'),
(768, 20, '-37.82660463485499', '145.15275200779075', '2017-05-08 05:11:07'),
(769, 20, '-37.82660463485499', '145.15275200779075', '2017-05-08 05:11:07'),
(770, 20, '-37.82663204250922', '145.15275206680556', '2017-05-08 05:11:09'),
(771, 20, '-37.82663204250922', '145.15275206680556', '2017-05-08 05:11:09'),
(772, 20, '-37.82663204250922', '145.15275206680556', '2017-05-08 05:11:10'),
(773, 20, '-37.82663674719058', '145.15275288519393', '2017-05-08 05:11:10'),
(774, 20, '-37.82663674719058', '145.15275288519393', '2017-05-08 05:11:11'),
(775, 20, '-37.82665325560701', '145.1527614999182', '2017-05-08 05:11:12'),
(776, 20, '-37.82665325560701', '145.1527614999182', '2017-05-08 05:11:13'),
(777, 20, '-37.82665972625961', '145.15276489655133', '2017-05-08 05:11:13'),
(778, 20, '-37.82665972625961', '145.15276489655133', '2017-05-08 05:11:13'),
(779, 20, '-37.82665972625961', '145.15276489655133', '2017-05-08 05:11:14'),
(780, 20, '-37.82666996262909', '145.1527651435888', '2017-05-08 05:11:14'),
(781, 20, '-37.82666996262909', '145.1527651435888', '2017-05-08 05:11:14'),
(782, 20, '-37.82666996262909', '145.1527651435888', '2017-05-08 05:11:15'),
(783, 20, '-37.82670315730529', '145.15277446147107', '2017-05-08 05:11:15'),
(784, 20, '-37.82670315730529', '145.15277446147107', '2017-05-08 05:11:15'),
(785, 20, '-37.82670315730529', '145.15277446147107', '2017-05-08 05:11:16'),
(786, 20, '-37.82673584693244', '145.15278007486643', '2017-05-08 05:11:16'),
(787, 20, '-37.82673584693244', '145.15278007486643', '2017-05-08 05:11:17'),
(788, 20, '-37.82674350067131', '145.1527787867304', '2017-05-08 05:11:17'),
(789, 20, '-37.82674350067131', '145.1527787867304', '2017-05-08 05:11:17'),
(790, 20, '-37.82675946639366', '145.1527780728757', '2017-05-08 05:11:19'),
(791, 20, '-37.82675946639366', '145.1527780728757', '2017-05-08 05:11:20'),
(792, 20, '-37.82677264126424', '145.15277935405865', '2017-05-08 05:11:20'),
(793, 20, '-37.82677264126424', '145.15277935405865', '2017-05-08 05:11:20'),
(794, 20, '-37.82677264126424', '145.15277935405865', '2017-05-08 05:11:21'),
(795, 20, '-37.82681481227044', '145.1527858505191', '2017-05-08 05:11:22'),
(796, 20, '-37.82681481227044', '145.1527858505191', '2017-05-08 05:11:22'),
(797, 20, '-37.82681481227044', '145.1527858505191', '2017-05-08 05:11:22'),
(798, 20, '-37.82681481227044', '145.1527858505191', '2017-05-08 05:11:23'),
(799, 20, '-37.82682637197192', '145.152788718938', '2017-05-08 05:11:23'),
(800, 20, '-37.82682637197192', '145.152788718938', '2017-05-08 05:11:23'),
(801, 20, '-37.82682637197192', '145.152788718938', '2017-05-08 05:11:24'),
(802, 20, '-37.82684988546786', '145.15279052999514', '2017-05-08 05:11:25'),
(803, 20, '-37.82684988546786', '145.15279052999514', '2017-05-08 05:11:25'),
(804, 20, '-37.82686077080757', '145.15278977220586', '2017-05-08 05:11:26'),
(805, 20, '-37.82686077080757', '145.15278977220586', '2017-05-08 05:11:26'),
(806, 20, '-37.82686077080757', '145.15278977220586', '2017-05-08 05:11:26'),
(807, 20, '-37.82686866812269', '145.15279032320188', '2017-05-08 05:11:27'),
(808, 20, '-37.82686866812269', '145.15279032320188', '2017-05-08 05:11:27'),
(809, 20, '-37.82687592977288', '145.15279003543887', '2017-05-08 05:11:28'),
(810, 20, '-37.82687592977288', '145.15279003543887', '2017-05-08 05:11:28'),
(811, 20, '-37.82687592977288', '145.15279003543887', '2017-05-08 05:11:29'),
(812, 20, '-37.82688402857515', '145.15278941332068', '2017-05-08 05:11:29'),
(813, 20, '-37.82688402857515', '145.15278941332068', '2017-05-08 05:11:30'),
(814, 20, '-37.82689495218107', '145.1527868771289', '2017-05-08 05:11:30'),
(815, 20, '-37.82689495218107', '145.1527868771289', '2017-05-08 05:11:30'),
(816, 20, '-37.82689495218107', '145.1527868771289', '2017-05-08 05:11:31'),
(817, 20, '-37.82693062353012', '145.15278053788415', '2017-05-08 05:11:32'),
(818, 20, '-37.82693062353012', '145.15278053788415', '2017-05-08 05:11:32'),
(819, 20, '-37.82693684934854', '145.15278426096614', '2017-05-08 05:11:33'),
(820, 20, '-37.82693684934854', '145.15278426096614', '2017-05-08 05:11:33'),
(821, 20, '-37.8269430493473', '145.15278699125537', '2017-05-08 05:11:34'),
(822, 20, '-37.8269430493473', '145.15278699125537', '2017-05-08 05:11:34'),
(823, 20, '-37.8269430493473', '145.15278699125537', '2017-05-08 05:11:35'),
(824, 20, '-37.82694804922236', '145.15278795946077', '2017-05-08 05:11:35'),
(825, 20, '-37.82694804922236', '145.15278795946077', '2017-05-08 05:11:35'),
(826, 20, '-37.82695935673986', '145.1527882890878', '2017-05-08 05:11:37'),
(827, 20, '-37.82695935673986', '145.1527882890878', '2017-05-08 05:11:38'),
(828, 20, '-37.82695935958938', '145.15278827936933', '2017-05-08 05:11:38'),
(829, 20, '-37.82695935958938', '145.15278827936933', '2017-05-08 05:11:39'),
(830, 20, '-37.8269593596862', '145.15278827932943', '2017-05-08 05:11:39'),
(831, 20, '-37.8269593596862', '145.15278827932943', '2017-05-08 05:11:40'),
(832, 20, '-37.82695935968697', '145.15278827932906', '2017-05-08 05:11:40'),
(833, 20, '-37.82695935968697', '145.15278827932906', '2017-05-08 05:11:41'),
(834, 20, '-37.82696028140336', '145.15278780335495', '2017-05-08 05:11:47'),
(835, 20, '-37.82696028140336', '145.15278780335495', '2017-05-08 05:11:48'),
(836, 20, '-37.82696029059746', '145.15278779898924', '2017-05-08 05:11:48'),
(837, 20, '-37.82696029059746', '145.15278779898924', '2017-05-08 05:11:48'),
(838, 20, '-37.82696029070036', '145.15278779894345', '2017-05-08 05:11:49'),
(839, 20, '-37.82696029070036', '145.15278779894345', '2017-05-08 05:11:49'),
(840, 20, '-37.82696029070036', '145.15278779894345', '2017-05-08 05:11:50'),
(841, 20, '-37.82696029070163', '145.15278779894297', '2017-05-08 05:11:51'),
(842, 20, '-37.82696029070163', '145.15278779894297', '2017-05-08 05:11:51'),
(843, 20, '-37.82696029070163', '145.15278779894297', '2017-05-08 05:11:52'),
(844, 20, '-37.82696029070163', '145.15278779894297', '2017-05-08 05:11:52'),
(845, 20, '-37.82696029070163', '145.15278779894297', '2017-05-08 05:11:53'),
(846, 20, '-37.82696029070163', '145.15278779894297', '2017-05-08 05:11:53'),
(847, 20, '-37.82696029070163', '145.15278779894297', '2017-05-08 05:11:54'),
(848, 20, '-37.82696029070163', '145.15278779894297', '2017-05-08 05:11:54'),
(849, 20, '-37.82696029070163', '145.15278779894297', '2017-05-08 05:11:55'),
(850, 20, '-37.82696029070163', '145.15278779894297', '2017-05-08 05:11:55'),
(851, 20, '-37.82696029070163', '145.15278779894297', '2017-05-08 05:11:56'),
(852, 20, '-37.82696029070163', '145.15278779894297', '2017-05-08 05:11:56'),
(853, 20, '-37.82696029070163', '145.15278779894297', '2017-05-08 05:11:57'),
(854, 20, '-37.82696029070163', '145.15278779894297', '2017-05-08 05:11:57'),
(855, 20, '-37.82698277708059', '145.15278275965852', '2017-05-08 05:12:03'),
(856, 20, '-37.82701882732258', '145.15278499403277', '2017-05-08 05:12:04'),
(857, 20, '-37.82702246562492', '145.15279662249216', '2017-05-08 05:12:38'),
(858, 20, '-37.82707805892917', '145.1528038220194', '2017-05-08 05:12:43'),
(859, 20, '-37.82711319124613', '145.1528126686748', '2017-05-08 05:12:44'),
(860, 20, '-37.82715111406416', '145.1528034325212', '2017-05-08 05:12:45'),
(861, 20, '-37.82718429239492', '145.1528051517261', '2017-05-08 05:12:46'),
(862, 20, '-37.82720033557319', '145.1528054129249', '2017-05-08 05:12:48'),
(863, 20, '-37.82721818263239', '145.15280774542705', '2017-05-08 05:12:50'),
(864, 20, '-37.82722751034648', '145.15280901213558', '2017-05-08 05:12:51'),
(865, 20, '-37.82723652126743', '145.15281163171008', '2017-05-08 05:12:52'),
(866, 20, '-37.82726640137729', '145.15282065209107', '2017-05-08 05:12:56'),
(867, 20, '-37.82727602127989', '145.15282543736097', '2017-05-08 05:12:58'),
(868, 20, '-37.82728823413814', '145.15283008182138', '2017-05-08 05:13:00'),
(869, 20, '-37.82730936624033', '145.15283824921084', '2017-05-08 05:13:16'),
(870, 20, '-37.82732167803241', '145.1528359389742', '2017-05-08 05:13:25'),
(871, 20, '-37.82739540804139', '145.1528214363174', '2017-05-08 05:13:27'),
(872, 20, '-37.82742025449354', '145.15282425898408', '2017-05-08 05:13:35'),
(873, 20, '-37.82743044513824', '145.15282729491466', '2017-05-08 05:13:36'),
(874, 20, '-37.82746328200893', '145.15284130226468', '2017-05-08 05:13:38'),
(875, 20, '-37.82747525312838', '145.15284595909054', '2017-05-08 05:13:40'),
(876, 20, '-37.8274908727371', '145.15284921757447', '2017-05-08 05:13:42'),
(877, 20, '-37.82754801786879', '145.15284969620933', '2017-05-08 05:13:49'),
(878, 20, '-37.82762232657256', '145.15289328858876', '2017-05-08 05:13:57'),
(879, 20, '-37.82764797686359', '145.1529044760833', '2017-05-08 05:14:01'),
(880, 20, '-37.82766551514304', '145.15290685952075', '2017-05-08 05:14:03'),
(881, 20, '-37.82768971683337', '145.15291727931628', '2017-05-08 05:14:05'),
(882, 20, '-37.82771072329058', '145.15292180194103', '2017-05-08 05:14:06'),
(883, 20, '-37.82774361431192', '145.1529411695868', '2017-05-08 05:14:07'),
(884, 20, '-37.82777086921881', '145.15295193127213', '2017-05-08 05:14:09'),
(885, 20, '-37.82780901552386', '145.15296281231824', '2017-05-08 05:14:14'),
(886, 20, '-37.82783598133729', '145.15297485239526', '2017-05-08 05:14:18'),
(887, 20, '-37.82784500187864', '145.1529857502919', '2017-05-08 05:14:20'),
(888, 20, '-37.8278547097806', '145.1529990142585', '2017-05-08 05:14:22'),
(889, 20, '-37.82786632800599', '145.1530041778924', '2017-05-08 05:14:24'),
(890, 20, '-37.82787495123247', '145.15301106306975', '2017-05-08 05:14:25'),
(891, 20, '-37.82789369484724', '145.15302451957547', '2017-05-08 05:14:26'),
(892, 20, '-37.82789818575611', '145.1530353221277', '2017-05-08 05:14:27'),
(893, 20, '-37.82792254762194', '145.1530571858097', '2017-05-08 05:14:31'),
(894, 20, '-37.82794444451702', '145.15306203538404', '2017-05-08 05:14:33'),
(895, 20, '-37.82796283697345', '145.15306288974944', '2017-05-08 05:14:34'),
(896, 20, '-37.8279735446945', '145.15306306264287', '2017-05-08 05:14:35'),
(897, 20, '-37.8279378560601', '145.1530372774999', '2017-05-08 05:14:43'),
(898, 20, '-37.82795088633799', '145.15304241052635', '2017-05-08 05:15:19'),
(899, 20, '-37.82795990461132', '145.1530443010962', '2017-05-08 05:15:41'),
(900, 20, '-37.8279775598766', '145.15305611314622', '2017-05-08 05:15:43'),
(901, 20, '-37.82798817713484', '145.1530675695434', '2017-05-08 05:15:54'),
(902, 20, '-37.82801680872418', '145.15310446136812', '2017-05-08 05:15:56'),
(903, 20, '-37.82804202205929', '145.15313277917537', '2017-05-08 05:15:57'),
(904, 20, '-37.82806227880175', '145.153152372799', '2017-05-08 05:16:22'),
(905, 20, '-37.82813306226726', '145.1531974739439', '2017-05-08 05:16:25'),
(906, 20, '-37.82814421457954', '145.15320039064827', '2017-05-08 05:16:29'),
(907, 20, '-37.82815700551994', '145.15320553106554', '2017-05-08 05:16:35'),
(908, 20, '-37.8281986313652', '145.1532245228181', '2017-05-08 05:16:39'),
(909, 20, '-37.82826004104312', '145.15320274916195', '2017-05-08 05:16:41'),
(910, 20, '-37.82829311679675', '145.15318572418957', '2017-05-08 05:16:45'),
(911, 20, '-37.82830051026462', '145.15317621739894', '2017-05-08 05:16:54'),
(912, 20, '-37.82829112512106', '145.1531843658988', '2017-05-08 05:17:01'),
(913, 20, '-37.82828062285959', '145.1531848765068', '2017-05-08 05:17:43'),
(914, 20, '-37.82827142716658', '145.15318338069181', '2017-05-08 05:17:47'),
(915, 20, '-37.8282621441712', '145.1531792151896', '2017-05-08 05:17:50'),
(916, 20, '-37.82825301746619', '145.15317494331464', '2017-05-08 05:17:54'),
(917, 20, '-37.8282190118679', '145.15317474331908', '2017-05-08 05:17:56'),
(918, 20, '-37.8281882014651', '145.15317646208547', '2017-05-08 05:17:57'),
(919, 20, '-37.82819296228367', '145.15316303763342', '2017-05-08 05:19:02'),
(920, 20, '-37.82819401553882', '145.15312467999962', '2017-05-08 05:19:03'),
(921, 20, '-37.82819924806678', '145.1531139291951', '2017-05-08 05:19:06'),
(922, 20, '-37.82819866501007', '145.1531271247403', '2017-05-08 05:19:20'),
(923, 20, '-37.82818659728463', '145.15313667328428', '2017-05-08 05:19:23'),
(924, 20, '-37.82817511976232', '145.15314409130548', '2017-05-08 05:19:26'),
(925, 20, '-37.82816519834309', '145.153150948311', '2017-05-08 05:19:28'),
(926, 20, '-37.82815147879131', '145.15317154860264', '2017-05-08 05:19:35'),
(927, 20, '-37.82815314043203', '145.1531838858338', '2017-05-08 05:19:38'),
(928, 20, '-37.82819157723123', '145.1532280861926', '2017-05-08 05:19:45'),
(929, 50, '-37.828289', '145.153107', '2017-05-08 05:20:47'),
(930, 50, '-37.828289', '145.153107', '2017-05-08 05:20:48'),
(931, 50, '-37.830978', '145.160690', '2017-05-08 05:20:49'),
(932, 50, '-37.830715', '145.159958', '2017-05-08 05:20:49'),
(933, 50, '-37.827873', '145.153259', '2017-05-08 05:20:51'),
(934, 50, '-37.828289', '145.153107', '2017-05-08 05:20:52'),
(935, 50, '-37.827709', '145.153320', '2017-05-08 05:20:54'),
(936, 50, '-37.827606', '145.153870', '2017-05-08 05:20:56'),
(937, 50, '-37.827621', '145.153732', '2017-05-08 05:20:56'),
(938, 50, '-37.827927', '145.153519', '2017-05-08 05:20:56'),
(939, 50, '-37.828224', '145.153152', '2017-05-08 05:20:58'),
(940, 50, '-37.828232', '145.153152', '2017-05-08 05:20:58'),
(941, 50, '-37.828194', '145.153122', '2017-05-08 05:21:07'),
(942, 50, '-37.828148', '145.153076', '2017-05-08 05:21:19'),
(943, 50, '-37.828106', '145.153061', '2017-05-08 05:21:47'),
(944, 20, '-37.82816268689257', '145.15321592445434', '2017-05-08 05:21:57'),
(945, 20, '-37.8281393530291', '145.1532077823117', '2017-05-08 05:22:01'),
(946, 50, '-37.828068', '145.153015', '2017-05-08 05:22:01'),
(947, 20, '-37.82808307115403', '145.1531881076502', '2017-05-08 05:22:05'),
(948, 20, '-37.82804148124879', '145.15317361814883', '2017-05-08 05:22:07'),
(949, 20, '-37.82799478077727', '145.15315294392784', '2017-05-08 05:22:09'),
(950, 20, '-37.82798740666209', '145.15314408941896', '2017-05-08 05:22:10'),
(951, 50, '-37.828022', '145.153000', '2017-05-08 05:22:11'),
(952, 20, '-37.82796806168858', '145.153128629474', '2017-05-08 05:22:12'),
(953, 20, '-37.82794678794067', '145.1531162538936', '2017-05-08 05:22:14'),
(954, 20, '-37.82793667048963', '145.15311263729117', '2017-05-08 05:22:15'),
(955, 20, '-37.8279263080363', '145.15310759423886', '2017-05-08 05:22:16'),
(956, 50, '-37.827980', '145.152954', '2017-05-08 05:22:18'),
(957, 20, '-37.82789498236311', '145.15307398309577', '2017-05-08 05:22:20'),
(958, 20, '-37.82788680515799', '145.15306826334728', '2017-05-08 05:22:21'),
(959, 20, '-37.82787164196431', '145.153058010024', '2017-05-08 05:22:23'),
(960, 20, '-37.8278629474977', '145.15305486241743', '2017-05-08 05:22:24'),
(961, 50, '-37.827946', '145.152908', '2017-05-08 05:22:26'),
(962, 20, '-37.82784744640583', '145.1530458514541', '2017-05-08 05:22:26'),
(963, 20, '-37.82783431116128', '145.15303834818036', '2017-05-08 05:22:28'),
(964, 50, '-37.827900', '145.152893', '2017-05-08 05:22:28'),
(965, 20, '-37.82782568569187', '145.15303336632897', '2017-05-08 05:22:29'),
(966, 20, '-37.82781422911547', '145.1530274685169', '2017-05-08 05:22:30'),
(967, 20, '-37.82780280150538', '145.15302230994428', '2017-05-08 05:22:31'),
(968, 50, '-37.827850', '145.152863', '2017-05-08 05:22:32'),
(969, 20, '-37.82775948928781', '145.153011697382', '2017-05-08 05:22:34'),
(970, 20, '-37.82774506952656', '145.15300682335996', '2017-05-08 05:22:35'),
(971, 20, '-37.82773189988389', '145.15300036744097', '2017-05-08 05:22:36'),
(972, 50, '-37.827808', '145.152847', '2017-05-08 05:22:36'),
(973, 20, '-37.82772046736561', '145.15299226396783', '2017-05-08 05:22:37'),
(974, 20, '-37.82771017412559', '145.15298534713662', '2017-05-08 05:22:38'),
(975, 20, '-37.82770075299473', '145.15297977843136', '2017-05-08 05:22:39'),
(976, 50, '-37.827751', '145.152802', '2017-05-08 05:22:41'),
(977, 20, '-37.82766054270523', '145.15295004635166', '2017-05-08 05:22:41'),
(978, 20, '-37.82765225118528', '145.1529410487828', '2017-05-08 05:22:42'),
(979, 20, '-37.82764239091757', '145.15293329832124', '2017-05-08 05:22:43'),
(980, 20, '-37.82762924547092', '145.15292585813722', '2017-05-08 05:22:45'),
(981, 50, '-37.827713', '145.152771', '2017-05-08 05:22:45'),
(982, 20, '-37.82762097859299', '145.15291996374674', '2017-05-08 05:22:46'),
(983, 20, '-37.82759106978578', '145.15290443915265', '2017-05-08 05:22:49'),
(984, 20, '-37.82757040858232', '145.15289193973484', '2017-05-08 05:22:51'),
(985, 50, '-37.827652', '145.152771', '2017-05-08 05:22:53'),
(986, 20, '-37.82754337916553', '145.15287055952342', '2017-05-08 05:22:54'),
(987, 20, '-37.82749737895517', '145.15284033682593', '2017-05-08 05:22:58'),
(988, 50, '-37.827610', '145.152740', '2017-05-08 05:23:00'),
(989, 20, '-37.82748443223962', '145.15283963100165', '2017-05-08 05:23:00'),
(990, 20, '-37.82746661768021', '145.15283790967268', '2017-05-08 05:23:02'),
(991, 20, '-37.82745606643893', '145.1528403594955', '2017-05-08 05:23:03'),
(992, 50, '-37.827557', '145.152740', '2017-05-08 05:23:03'),
(993, 20, '-37.82743853824486', '145.15283348188728', '2017-05-08 05:23:05'),
(994, 20, '-37.82739753888128', '145.15281748370433', '2017-05-08 05:23:10'),
(995, 20, '-37.82738453495499', '145.15281797753704', '2017-05-08 05:23:12'),
(996, 50, '-37.827499', '145.152740', '2017-05-08 05:23:12'),
(997, 20, '-37.82737190674133', '145.1528189138086', '2017-05-08 05:23:14'),
(998, 50, '-37.827442', '145.152756', '2017-05-08 05:23:14'),
(999, 20, '-37.8273559594455', '145.15281153964492', '2017-05-08 05:23:17'),
(1000, 20, '-37.82732116657359', '145.1528081882882', '2017-05-08 05:23:18'),
(1001, 50, '-37.827393', '145.152756', '2017-05-08 05:23:19'),
(1002, 50, '-37.827328', '145.152786', '2017-05-08 05:23:22'),
(1003, 50, '-37.827282', '145.152786', '2017-05-08 05:23:24'),
(1004, 20, '-37.8273080086107', '145.15280767668804', '2017-05-08 05:23:44'),
(1005, 20, '-37.82726345469988', '145.15280764576673', '2017-05-08 05:23:46'),
(1006, 20, '-37.82719328754943', '145.1528030876645', '2017-05-08 05:23:48'),
(1007, 20, '-37.82717879221591', '145.15280209425862', '2017-05-08 05:23:50'),
(1008, 50, '-37.827175', '145.152756', '2017-05-08 05:23:50'),
(1009, 20, '-37.82716208497726', '145.15279920251734', '2017-05-08 05:23:52'),
(1010, 20, '-37.82714650870062', '145.15279804423656', '2017-05-08 05:23:54'),
(1011, 20, '-37.82712885246477', '145.15279834813663', '2017-05-08 05:23:56'),
(1012, 20, '-37.8271120713671', '145.15279970262105', '2017-05-08 05:23:58'),
(1013, 20, '-37.82710174754532', '145.15280023737583', '2017-05-08 05:23:59'),
(1014, 20, '-37.82709162498418', '145.1528042673366', '2017-05-08 05:24:01'),
(1015, 20, '-37.82707473399813', '145.15280202113067', '2017-05-08 05:24:02'),
(1016, 50, '-37.827072', '145.152756', '2017-05-08 05:24:02'),
(1017, 20, '-37.82705856399262', '145.15280061801525', '2017-05-08 05:24:04'),
(1018, 20, '-37.8269908576858', '145.15280166584193', '2017-05-08 05:24:09'),
(1019, 50, '-37.826965', '145.152740', '2017-05-08 05:24:17'),
(1020, 20, '-37.82686721765115', '145.15278564789764', '2017-05-08 05:24:17'),
(1021, 20, '-37.82685535700697', '145.15278439754047', '2017-05-08 05:24:18'),
(1022, 20, '-37.82684381700482', '145.1527833085098', '2017-05-08 05:24:19'),
(1023, 20, '-37.82680278012308', '145.1527718748069', '2017-05-08 05:24:21'),
(1024, 20, '-37.82679332724862', '145.15276579391076', '2017-05-08 05:24:22'),
(1025, 20, '-37.82678292738392', '145.1527605281497', '2017-05-08 05:24:23'),
(1026, 20, '-37.8267708249842', '145.1527568696701', '2017-05-08 05:24:24'),
(1027, 50, '-37.826859', '145.152725', '2017-05-08 05:24:24'),
(1028, 20, '-37.82675854037136', '145.152751816911', '2017-05-08 05:24:25'),
(1029, 20, '-37.82674687070036', '145.15274677055828', '2017-05-08 05:24:26'),
(1030, 20, '-37.82673772176773', '145.15274110571906', '2017-05-08 05:24:27'),
(1031, 20, '-37.82672889043045', '145.15273641688296', '2017-05-08 05:24:28'),
(1032, 20, '-37.82669718449234', '145.1527298817917', '2017-05-08 05:24:32'),
(1033, 50, '-37.826767', '145.152695', '2017-05-08 05:24:33'),
(1034, 20, '-37.82665918684576', '145.1527258712785', '2017-05-08 05:24:34'),
(1035, 20, '-37.82663162894822', '145.15272158039008', '2017-05-08 05:24:37'),
(1036, 20, '-37.82660522783085', '145.15271696258182', '2017-05-08 05:24:38'),
(1037, 20, '-37.82659657651586', '145.15271358039868', '2017-05-08 05:24:39'),
(1038, 50, '-37.826668', '145.152664', '2017-05-08 05:24:39'),
(1039, 20, '-37.82657944225208', '145.15271249792886', '2017-05-08 05:24:41'),
(1040, 20, '-37.82656349807866', '145.15270481428487', '2017-05-08 05:24:43'),
(1041, 20, '-37.82655016905833', '145.15270167662294', '2017-05-08 05:24:45'),
(1042, 50, '-37.826565', '145.152664', '2017-05-08 05:24:47'),
(1043, 20, '-37.82650708802624', '145.15268927920974', '2017-05-08 05:24:51'),
(1044, 20, '-37.82649438398532', '145.15268374147888', '2017-05-08 05:24:52'),
(1045, 20, '-37.82648249042283', '145.15267507050598', '2017-05-08 05:24:53'),
(1046, 20, '-37.82646152612616', '145.15267025177457', '2017-05-08 05:24:56'),
(1047, 20, '-37.82642812777922', '145.15265758453674', '2017-05-08 05:24:59'),
(1048, 20, '-37.82640763326764', '145.15265147755767', '2017-05-08 05:25:00'),
(1049, 20, '-37.82639633550335', '145.1526469717887', '2017-05-08 05:25:01'),
(1050, 20, '-37.82638360858648', '145.15264636031523', '2017-05-08 05:25:02'),
(1051, 20, '-37.82635868219339', '145.1526502982539', '2017-05-08 05:25:03'),
(1052, 50, '-37.826443', '145.152649', '2017-05-08 05:25:03'),
(1053, 20, '-37.8263385444597', '145.15265235637372', '2017-05-08 05:25:04'),
(1054, 20, '-37.82631299478545', '145.15265798949022', '2017-05-08 05:25:06'),
(1055, 20, '-37.82630346890158', '145.1526607384613', '2017-05-08 05:25:07'),
(1056, 20, '-37.82627444632175', '145.1526599246616', '2017-05-08 05:25:10'),
(1057, 20, '-37.82626358958069', '145.15265750286406', '2017-05-08 05:25:11'),
(1058, 20, '-37.82625123748745', '145.152651949607', '2017-05-08 05:25:12'),
(1059, 20, '-37.8262405678498', '145.15265178644356', '2017-05-08 05:25:13'),
(1060, 50, '-37.826340', '145.152679', '2017-05-08 05:25:13'),
(1061, 20, '-37.82620620280056', '145.1526479633398', '2017-05-08 05:25:17'),
(1062, 20, '-37.82618806654558', '145.15264069887695', '2017-05-08 05:25:19'),
(1063, 20, '-37.82617725318973', '145.15263823053647', '2017-05-08 05:25:20'),
(1064, 50, '-37.826244', '145.152634', '2017-05-08 05:25:21'),
(1065, 20, '-37.82614894602947', '145.15262831908672', '2017-05-08 05:25:23'),
(1066, 20, '-37.82613739511066', '145.15262307474694', '2017-05-08 05:25:24'),
(1067, 20, '-37.82612682771646', '145.15261495599944', '2017-05-08 05:25:25'),
(1068, 20, '-37.8261012323426', '145.15260162708762', '2017-05-08 05:25:27'),
(1069, 50, '-37.826130', '145.152634', '2017-05-08 05:25:29'),
(1070, 20, '-37.82607143967034', '145.15258272081064', '2017-05-08 05:25:29'),
(1071, 20, '-37.82605428254946', '145.15257920712057', '2017-05-08 05:25:30'),
(1072, 20, '-37.82604191339545', '145.1525768153739', '2017-05-08 05:25:31'),
(1073, 20, '-37.82602964186006', '145.15257466896418', '2017-05-08 05:25:32'),
(1074, 50, '-37.826027', '145.152588', '2017-05-08 05:25:33'),
(1075, 20, '-37.82600215024764', '145.1525724228792', '2017-05-08 05:25:35'),
(1076, 20, '-37.82599253347441', '145.15257479081984', '2017-05-08 05:25:36'),
(1077, 20, '-37.82598121212021', '145.15257748241393', '2017-05-08 05:25:37'),
(1078, 20, '-37.82596157625797', '145.1525820816003', '2017-05-08 05:25:39'),
(1079, 20, '-37.82595245766127', '145.15258444857693', '2017-05-08 05:25:40'),
(1080, 20, '-37.82593338797501', '145.15258214676635', '2017-05-08 05:25:41'),
(1081, 50, '-37.825935', '145.152542', '2017-05-08 05:25:41'),
(1082, 20, '-37.82591317540568', '145.15258150542326', '2017-05-08 05:25:42'),
(1083, 20, '-37.82589517613686', '145.15257925528476', '2017-05-08 05:25:43'),
(1084, 20, '-37.82587689023599', '145.15257455670596', '2017-05-08 05:25:44'),
(1085, 20, '-37.82585342400926', '145.15257161996055', '2017-05-08 05:25:45'),
(1086, 20, '-37.82581659158185', '145.15256707832864', '2017-05-08 05:25:46'),
(1087, 20, '-37.82580426125141', '145.15256303178248', '2017-05-08 05:25:47'),
(1088, 50, '-37.825836', '145.152512', '2017-05-08 05:25:48'),
(1089, 20, '-37.82577298897549', '145.1525549853766', '2017-05-08 05:25:49'),
(1090, 20, '-37.82575931125105', '145.15254971914987', '2017-05-08 05:25:50'),
(1091, 20, '-37.82573683331814', '145.15254623692448', '2017-05-08 05:25:54'),
(1092, 50, '-37.825745', '145.152481', '2017-05-08 05:25:56'),
(1093, 20, '-37.8257197516093', '145.15253855503428', '2017-05-08 05:25:57'),
(1094, 20, '-37.82570593154777', '145.15253451075444', '2017-05-08 05:25:59'),
(1095, 20, '-37.82563670039148', '145.15252250859768', '2017-05-08 05:26:04'),
(1096, 20, '-37.82560018428976', '145.1525231014319', '2017-05-08 05:26:11'),
(1097, 50, '-37.825611', '145.152435', '2017-05-08 05:26:13'),
(1098, 20, '-37.82555178164996', '145.15253123585651', '2017-05-08 05:26:16'),
(1099, 20, '-37.82553027254184', '145.1525381577768', '2017-05-08 05:26:19'),
(1100, 20, '-37.82551665099245', '145.15253529749913', '2017-05-08 05:26:20'),
(1101, 50, '-37.825508', '145.152420', '2017-05-08 05:26:21'),
(1102, 20, '-37.82550542528042', '145.1525377432713', '2017-05-08 05:26:22'),
(1103, 20, '-37.82548719196834', '145.15259920119328', '2017-05-08 05:26:27'),
(1104, 50, '-37.825428', '145.152527', '2017-05-08 05:26:27'),
(1105, 20, '-37.8254854170333', '145.15261146095813', '2017-05-08 05:26:28'),
(1106, 20, '-37.82548060690022', '145.1526238107322', '2017-05-08 05:26:29'),
(1107, 20, '-37.82546729019379', '145.1526439952777', '2017-05-08 05:26:31'),
(1108, 20, '-37.8254624384374', '145.15265526733484', '2017-05-08 05:26:32'),
(1109, 20, '-37.82545655689499', '145.15268997796966', '2017-05-08 05:26:34'),
(1110, 50, '-37.825413', '145.152664', '2017-05-08 05:26:34'),
(1111, 20, '-37.82545004608242', '145.15270435252475', '2017-05-08 05:26:35'),
(1112, 20, '-37.82544139642692', '145.15274462103636', '2017-05-08 05:26:39'),
(1113, 20, '-37.82544211309775', '145.1527708377622', '2017-05-08 05:26:41'),
(1114, 50, '-37.825424', '145.152786', '2017-05-08 05:26:43'),
(1115, 20, '-37.82544733296737', '145.15281072131793', '2017-05-08 05:26:53'),
(1116, 20, '-37.82545171468623', '145.15282619712224', '2017-05-08 05:26:57'),
(1117, 20, '-37.82542502310335', '145.15285000043053', '2017-05-08 05:27:27'),
(1118, 20, '-37.82542396658275', '145.15287647453954', '2017-05-08 05:27:36'),
(1119, 20, '-37.8254279942556', '145.15288707614226', '2017-05-08 05:27:40'),
(1120, 20, '-37.82541318674938', '145.1528878298153', '2017-05-08 05:27:43'),
(1121, 20, '-37.82540140210168', '145.1528922647841', '2017-05-08 05:27:48'),
(1122, 20, '-37.82538608330461', '145.1528556027641', '2017-05-08 05:28:04'),
(1123, 20, '-37.82535213562609', '145.1528470758811', '2017-05-08 05:28:17'),
(1124, 20, '-37.82534853066737', '145.15280522293477', '2017-05-08 05:28:38'),
(1125, 20, '-37.825370483566', '145.15277966929722', '2017-05-08 05:28:43'),
(1126, 20, '-37.82537657024924', '145.15278847157705', '2017-05-08 05:28:51'),
(1127, 20, '-37.82538321739141', '145.15279653555908', '2017-05-08 05:29:04'),
(1128, 20, '-37.82539837155901', '145.15281141702815', '2017-05-08 05:29:26'),
(1129, 20, '-37.82536885020378', '145.15277946920298', '2017-05-08 05:29:53'),
(1130, 20, '-37.82536416129091', '145.15278991452863', '2017-05-08 05:30:01'),
(1131, 20, '-37.82534438112486', '145.15280985925685', '2017-05-08 05:30:27'),
(1132, 20, '-37.82535171748467', '145.15281691414506', '2017-05-08 05:30:36'),
(1133, 20, '-37.82534999798956', '145.1528284128987', '2017-05-08 05:30:47'),
(1134, 20, '-37.82534153424672', '145.1528335658017', '2017-05-08 05:30:55'),
(1135, 20, '-37.8253133816324', '145.15282805948155', '2017-05-08 05:30:57'),
(1136, 20, '-37.82531968137865', '145.15283656762992', '2017-05-08 05:31:14'),
(1137, 20, '-37.82532894697106', '145.15283916566713', '2017-05-08 05:31:20'),
(1138, 20, '-37.82533799964729', '145.1528433825465', '2017-05-08 05:31:24'),
(1139, 20, '-37.82535722598273', '145.15285065947', '2017-05-08 05:31:32'),
(1140, 20, '-37.82536649905136', '145.15285495014768', '2017-05-08 05:31:37'),
(1141, 20, '-37.82534608628638', '145.15284263251232', '2017-05-08 05:32:05'),
(1142, 20, '-37.82531515678496', '145.15283024016466', '2017-05-08 05:32:17'),
(1143, 20, '-37.82530539924459', '145.1528271237061', '2017-05-08 05:32:22'),
(1144, 20, '-37.82527341337921', '145.15281504060638', '2017-05-08 05:32:36'),
(1145, 20, '-37.82524221113838', '145.15281140318268', '2017-05-08 05:32:42'),
(1146, 20, '-37.82524118006858', '145.1527992786184', '2017-05-08 05:32:58'),
(1147, 20, '-37.82524760683341', '145.1527898905322', '2017-05-08 05:33:05'),
(1148, 20, '-37.82528010200543', '145.1528092995461', '2017-05-08 05:33:16'),
(1149, 20, '-37.82530575228436', '145.15284869522515', '2017-05-08 05:33:34'),
(1150, 20, '-37.82530610303296', '145.1528489499206', '2017-05-08 05:33:59'),
(1151, 20, '-37.82530915585365', '145.1528371432531', '2017-05-08 05:34:06'),
(1152, 20, '-37.82529666467691', '145.1528256164982', '2017-05-08 05:34:12'),
(1153, 20, '-37.82530794336215', '145.15283027961527', '2017-05-08 05:34:19'),
(1154, 20, '-37.82531759665905', '145.15283570881846', '2017-05-08 05:34:23'),
(1155, 20, '-37.8253231774804', '145.15284500753836', '2017-05-08 05:34:43'),
(1156, 20, '-37.82533129961966', '145.15283974005573', '2017-05-08 05:35:14'),
(1157, 20, '-37.8253292857728', '145.15282785415084', '2017-05-08 05:35:31'),
(1158, 20, '-37.82531291323438', '145.1527973577317', '2017-05-08 05:35:33'),
(1159, 20, '-37.82530399892433', '145.15279343984767', '2017-05-08 05:35:44'),
(1160, 20, '-37.8252714392499', '145.15281389187598', '2017-05-08 05:35:56'),
(1161, 20, '-37.82526568437046', '145.1528228297072', '2017-05-08 05:36:11'),
(1162, 20, '-37.82526955511489', '145.15284407348958', '2017-05-08 05:36:36'),
(1163, 20, '-37.82530203470885', '145.15284838626485', '2017-05-08 05:37:31'),
(1164, 20, '-37.82531160230159', '145.1528530254764', '2017-05-08 05:38:13'),
(1165, 20, '-37.82530911011853', '145.1528418269408', '2017-05-08 05:38:34'),
(1166, 20, '-37.82533918502927', '145.1528257250051', '2017-05-08 05:38:49'),
(1167, 20, '-37.82535155792781', '145.15282643756004', '2017-05-08 05:38:50'),
(1168, 20, '-37.8253625951314', '145.15282656847265', '2017-05-08 05:38:51'),
(1169, 20, '-37.82537319952471', '145.15283057306678', '2017-05-08 05:38:55'),
(1170, 20, '-37.82538589369361', '145.15284291877214', '2017-05-08 05:38:56'),
(1171, 20, '-37.82539511614357', '145.15285275527282', '2017-05-08 05:38:57'),
(1172, 20, '-37.82541073947969', '145.15287037242115', '2017-05-08 05:38:59'),
(1173, 20, '-37.82541905152658', '145.15287549886304', '2017-05-08 05:39:04'),
(1174, 20, '-37.82545235654958', '145.15289304914464', '2017-05-08 05:39:12'),
(1175, 20, '-37.82548629341553', '145.1528793679572', '2017-05-08 05:39:21'),
(1176, 20, '-37.82551259853662', '145.1528654584153', '2017-05-08 05:39:23'),
(1177, 20, '-37.82550224278157', '145.1528659654527', '2017-05-08 05:39:36'),
(1178, 20, '-37.82549352897666', '145.15286932826962', '2017-05-08 05:39:40'),
(1179, 20, '-37.82548416122269', '145.15287110741542', '2017-05-08 05:39:43'),
(1180, 20, '-37.82547361081457', '145.1528734226542', '2017-05-08 05:39:46'),
(1181, 20, '-37.82545707323333', '145.15290326406748', '2017-05-08 05:39:47'),
(1182, 20, '-37.82543553615573', '145.15292632015334', '2017-05-08 05:39:48'),
(1183, 20, '-37.82542613849646', '145.1529219309141', '2017-05-08 05:39:53'),
(1184, 20, '-37.82539653374243', '145.1529167458191', '2017-05-08 05:39:55'),
(1185, 20, '-37.82537480071481', '145.1528911282751', '2017-05-08 05:39:58'),
(1186, 20, '-37.82533988259513', '145.15289232233167', '2017-05-08 05:40:06'),
(1187, 20, '-37.82530614817939', '145.15288350379453', '2017-05-08 05:40:12'),
(1188, 20, '-37.82529967993525', '145.15286752152173', '2017-05-08 05:40:41'),
(1189, 20, '-37.82531766098139', '145.1528664437538', '2017-05-08 05:41:04'),
(1190, 20, '-37.8253188544449', '145.1528545781555', '2017-05-08 05:41:37'),
(1191, 20, '-37.82531474970666', '145.15283444449886', '2017-05-08 05:42:18'),
(1192, 20, '-37.82530943476488', '145.15282424175354', '2017-05-08 05:42:33'),
(1193, 20, '-37.82528728334628', '145.15280156075096', '2017-05-08 05:43:42'),
(1194, 20, '-37.82528268747641', '145.15281134201254', '2017-05-08 05:43:51'),
(1195, 20, '-37.82529721110712', '145.1528292493809', '2017-05-08 05:44:08'),
(1196, 20, '-37.82531610726353', '145.15282858866266', '2017-05-08 05:44:30'),
(1197, 20, '-37.82531483291537', '145.1528404475761', '2017-05-08 05:44:45'),
(1198, 20, '-37.82530663381828', '145.15284700940165', '2017-05-08 05:44:52'),
(1199, 20, '-37.82529914473006', '145.15285519931828', '2017-05-08 05:45:00'),
(1200, 20, '-37.82529150653203', '145.1528625785653', '2017-05-08 05:45:39'),
(1201, 20, '-37.82527667207698', '145.15282582291502', '2017-05-08 05:45:50'),
(1202, 20, '-37.82526226128241', '145.1527960243551', '2017-05-08 05:45:51'),
(1203, 20, '-37.82522560761744', '145.15273389224333', '2017-05-08 05:45:59'),
(1204, 20, '-37.8252376440877', '145.15275002432918', '2017-05-08 05:46:20'),
(1205, 20, '-37.82524766278988', '145.15275520890614', '2017-05-08 05:46:22'),
(1206, 20, '-37.82525645252988', '145.15275985744228', '2017-05-08 05:46:24'),
(1207, 20, '-37.82526589299528', '145.1527727422428', '2017-05-08 05:46:26'),
(1208, 20, '-37.82527015623195', '145.15278472414164', '2017-05-08 05:46:27'),
(1209, 20, '-37.82530994611852', '145.1528202180899', '2017-05-08 05:46:28'),
(1210, 20, '-37.82531798945705', '145.15283188422848', '2017-05-08 05:46:30'),
(1211, 20, '-37.82531960574999', '145.1528438999045', '2017-05-08 05:46:32'),
(1212, 20, '-37.82533317651691', '145.15285554808457', '2017-05-08 05:47:06');

-- --------------------------------------------------------

--
-- Table structure for table `point_exchange`
--

CREATE TABLE IF NOT EXISTS `point_exchange` (
  `id` int(11) NOT NULL,
  `userId` int(11) DEFAULT NULL,
  `amount` float(13,2) DEFAULT NULL,
  `paymentMethod` int(1) DEFAULT NULL,
  `status` int(1) DEFAULT NULL,
  `dateCreated` datetime DEFAULT NULL
) ENGINE=InnoDB DEFAULT CHARSET=utf8;

-- --------------------------------------------------------

--
-- Table structure for table `point_redeem`
--

CREATE TABLE IF NOT EXISTS `point_redeem` (
  `id` int(11) NOT NULL,
  `userId` int(11) DEFAULT NULL,
  `amount` int(11) DEFAULT NULL,
  `payoutPaypalAddress` varchar(255) NOT NULL,
  `status` int(1) DEFAULT NULL,
  `dateCreated` datetime DEFAULT NULL
) ENGINE=InnoDB AUTO_INCREMENT=5 DEFAULT CHARSET=utf8;

--
-- Dumping data for table `point_redeem`
--

INSERT INTO `point_redeem` (`id`, `userId`, `amount`, `payoutPaypalAddress`, `status`, `dateCreated`) VALUES
(1, 7, 2500, '', 0, '2017-04-08 23:32:28'),
(2, 20, 5000, '', 0, '2017-04-08 23:34:01'),
(3, 52, 400, 'hssa', 0, '2017-05-08 22:19:49'),
(4, 52, 400, 'hssa', 0, '2017-05-08 22:30:44');

-- --------------------------------------------------------

--
-- Table structure for table `point_transfer`
--

CREATE TABLE IF NOT EXISTS `point_transfer` (
  `id` int(11) NOT NULL,
  `senderId` int(11) DEFAULT NULL,
  `receiverId` int(11) DEFAULT NULL,
  `amount` int(11) DEFAULT NULL,
  `note` varchar(255) DEFAULT NULL,
  `status` int(1) DEFAULT NULL,
  `dateCreated` datetime DEFAULT NULL
) ENGINE=InnoDB DEFAULT CHARSET=utf8;

-- --------------------------------------------------------

--
-- Table structure for table `request`
--

CREATE TABLE IF NOT EXISTS `request` (
  `id` int(11) NOT NULL,
  `passengerId` int(11) DEFAULT NULL,
  `driverId` int(11) DEFAULT NULL,
  `requestTime` varchar(255) DEFAULT NULL,
  `link` varchar(3) DEFAULT NULL,
  `startTime` datetime DEFAULT NULL,
  `startLat` varchar(20) DEFAULT NULL,
  `startLong` varchar(20) DEFAULT NULL,
  `startLocation` varchar(255) DEFAULT NULL,
  `endLat` varchar(20) DEFAULT NULL,
  `endLong` varchar(20) DEFAULT NULL,
  `endLocation` varchar(255) DEFAULT NULL,
  `estimateFare` varchar(500) NOT NULL
) ENGINE=InnoDB AUTO_INCREMENT=215 DEFAULT CHARSET=utf8;

-- --------------------------------------------------------

--
-- Table structure for table `settings`
--

CREATE TABLE IF NOT EXISTS `settings` (
  `id` int(11) NOT NULL,
  `metaKey` varchar(255) DEFAULT NULL,
  `metaValue` varchar(255) DEFAULT NULL
) ENGINE=InnoDB AUTO_INCREMENT=32 DEFAULT CHARSET=utf8;

--
-- Dumping data for table `settings`
--

INSERT INTO `settings` (`id`, `metaKey`, `metaValue`) VALUES
(1, 'SIGN_UP_START_POINTS', '10000'),
(2, 'ADMIN_EMAIL', 'admin@taxiapp.app'),
(3, 'DISTANCE_FOR_SEARCHING_DRIVER', '6'),
(4, 'MAX_REQUEST_ACCEPTABLE', '300'),
(5, 'GOOGLE_API_KEY', 'AIzaSyAIHzI4QTQVxqWe1b0AgcohR4X8lXAemlc'),
(6, 'SF_OF_LINK_I', '0'),
(7, 'PPM_OF_LINK_I', '0'),
(8, 'PPK_OF_LINK_I', '1.6'),
(9, 'SF_OF_LINK_II', '0'),
(10, 'PPM_OF_LINK_II', '0'),
(11, 'PPK_OF_LINK_II', '1.8'),
(12, 'SF_OF_LINK_III', '0'),
(13, 'PPM_OF_LINK_III', '0'),
(14, 'PPK_OF_LINK_III', '1.9'),
(15, 'PEM_FILE', 'taxiDevPem.pem'),
(16, 'DRIVER_SHARE_BONUS_AMOUNT', '0.01'),
(17, 'PASSENGER_SHARE_BONUS_AMOUNT', '0.01'),
(18, 'APP_POST_PER_PAGE', '5'),
(19, 'MIN_REDEEM_AMOUNT', '400'),
(20, 'MIN_TRANSFER_AMOUNT', '100'),
(21, 'CANCELLATION_FEE', '0.01'),
(22, 'MAX_DRIVER_RECEIVE_PUSH', '300'),
(23, 'DRIVER_EARN', '0.8'),
(24, 'MIN_BALANCE_PLACE_REQUEST', '1'),
(25, 'TIME_TO_SEND_REQUEST_AGAIN', '45'),
(26, 'MAX_TIME_SEND_REQUEST', '5'),
(27, 'ESTIMATE_FARE_SPEED', '30'),
(28, 'ADMIN_PHONE_NUMBER', '0912312308'),
(29, 'AUTO_RELOAD_DATA_MAP', '0'),
(30, 'TIME_AUTO_RELOAD_DATA_MAP', '7'),
(31, 'AUTO_APPROVE_FOR_REGISTER_DRIVER', '1');

-- --------------------------------------------------------

--
-- Table structure for table `state`
--

CREATE TABLE IF NOT EXISTS `state` (
  `id` int(11) NOT NULL,
  `name` varchar(255) NOT NULL,
  `orderNumber` int(11) NOT NULL,
  `status` int(1) NOT NULL DEFAULT '1' COMMENT '1:active 0:inactive'
) ENGINE=InnoDB AUTO_INCREMENT=57 DEFAULT CHARSET=utf8;

--
-- Dumping data for table `state`
--

INSERT INTO `state` (`id`, `name`, `orderNumber`, `status`) VALUES
(6, 'Alaska', 2, 1),
(7, 'Arizona', 3, 1),
(8, 'Arkansas', 4, 1),
(9, 'California', 5, 1),
(10, 'Colorado', 6, 1),
(11, 'Connecticut', 7, 1),
(12, 'Delaware', 8, 1),
(13, 'Florida', 9, 1),
(14, 'Georgia', 10, 1),
(15, 'Hawaii', 11, 1),
(16, 'Idaho', 12, 1),
(17, 'Illinois', 13, 1),
(18, 'Indiana', 14, 1),
(19, 'Iowa', 15, 1),
(20, 'Kansas', 16, 1),
(21, 'Kentucky', 17, 1),
(22, 'Louisiana', 18, 1),
(23, 'Maine', 19, 1),
(24, 'Maryland', 20, 1),
(25, 'Massachusetts', 21, 1),
(26, 'Michigan', 22, 1),
(27, 'Minnesota', 23, 1),
(28, 'Mississippi', 24, 1),
(29, 'Missouri', 25, 1),
(30, 'Montana', 26, 1),
(31, 'Nebraska', 27, 1),
(32, 'Nevada', 28, 1),
(33, 'New Hampshire', 29, 1),
(34, 'New Jersey', 30, 1),
(35, 'New Mexico', 31, 1),
(36, 'New York', 32, 1),
(37, 'North Carolina', 33, 1),
(38, 'North Dakota', 34, 1),
(39, 'Ohio', 35, 1),
(40, 'Oklahoma', 36, 1),
(41, 'Oregon', 37, 1),
(42, 'Pennsylvania', 38, 1),
(43, 'Rhode Island', 39, 1),
(44, 'South Carolina', 40, 1),
(45, 'South Dakota', 41, 1),
(46, 'Tennessee', 42, 1),
(47, 'Texas', 43, 1),
(48, 'Utah', 44, 1),
(49, 'Vermont', 45, 1),
(50, 'Virginia', 46, 1),
(51, 'Washington', 47, 1),
(52, 'West Virginia', 48, 1),
(53, 'Wisconsin', 49, 1),
(54, 'Wyoming', 50, 1),
(55, 'Saudi Arabia region', 51, 1),
(56, 'Aguascaleitnes', 52, 1);

-- --------------------------------------------------------

--
-- Table structure for table `transaction`
--

CREATE TABLE IF NOT EXISTS `transaction` (
  `id` varchar(100) NOT NULL DEFAULT '',
  `userId` int(11) DEFAULT NULL,
  `type` varchar(1) DEFAULT NULL,
  `amount` float(13,2) DEFAULT NULL,
  `action` int(11) DEFAULT NULL,
  `destination` varchar(255) DEFAULT NULL,
  `tripId` int(11) DEFAULT NULL,
  `dateCreated` datetime DEFAULT NULL
) ENGINE=InnoDB DEFAULT CHARSET=utf8;

--
-- Dumping data for table `transaction`
--

INSERT INTO `transaction` (`id`, `userId`, `type`, `amount`, `action`, `destination`, `tripId`, `dateCreated`) VALUES
('0013E28B4CEE7820', 20, '+', 0.00, 5, NULL, 83, '2017-05-07 01:14:51'),
('01F1454C3821E318', 18, '+', 0.00, 5, NULL, 132, '2017-05-08 21:51:24'),
('02F3DDF6948A5522', 22, '-', 0.01, 1, NULL, NULL, '2017-04-10 23:39:28'),
('0383002CC197F82', 2, '-', 0.01, 1, NULL, NULL, '2017-05-07 20:57:50'),
('03EC5D25A2BD5B18', 18, '-', 0.01, 1, NULL, NULL, '2017-05-07 21:28:10'),
('05C8AD053911ED20', 20, '+', 0.00, 5, NULL, 3, '2017-04-08 23:23:28'),
('05CD71EF4D2F5720', 20, '-', 0.04, 5, NULL, 26, '2017-04-11 06:27:45'),
('0671BE8538EFA220', 20, '+', 0.00, 5, NULL, 5, '2017-04-09 11:29:01'),
('078FF3CEE7548E50', 50, '-', 0.00, 5, NULL, 115, '2017-05-08 03:30:43'),
('0B0D3584201B5B18', 18, '+', 0.00, 5, NULL, 92, '2017-05-07 21:22:51'),
('0B951B28F2BD1A20', 20, '-', 0.05, 5, NULL, 8, '2017-04-09 12:50:04'),
('0BAA5BA097A11120', 20, '+', 0.34, 5, NULL, 87, '2017-05-07 05:54:14'),
('0BBC191CC6D7A218', 18, '-', 0.01, 1, NULL, NULL, '2017-05-08 21:04:21'),
('0EEFE25EFF508928', 28, '-', 0.00, 5, NULL, 21, '2017-04-11 02:12:49'),
('0FEFC48DBC643E2', 2, '-', 0.01, 1, NULL, NULL, '2017-05-07 23:20:16'),
('13234892C4D43A48', 48, '-', 0.00, 5, NULL, 57, '2017-05-06 04:21:10'),
('14E4FA5E77067A7', 7, '+', 0.00, 5, NULL, 72, '2017-05-06 23:19:04'),
('160A9B0B09356C7', 7, '-', 0.01, 1, NULL, NULL, '2017-05-07 05:55:32'),
('18D4C489B85A3B7', 7, '-', 0.42, 5, NULL, 87, '2017-05-07 05:54:14'),
('197195EEEEEF997', 7, '+', 0.00, 5, NULL, 74, '2017-05-06 23:36:39'),
('197B8442671F4511', 11, '-', 0.01, 1, NULL, NULL, '2017-05-06 05:51:16'),
('1CDAEEAF7536C12', 2, '+', 0.00, 5, NULL, 134, '2017-05-08 23:03:22'),
('1D057715780C6A2', 2, '-', 0.00, 5, NULL, 65, '2017-05-06 05:37:48'),
('1D55F1B7E248C57', 7, '-', 0.01, 1, NULL, NULL, '2017-05-07 00:40:26'),
('1D6E56A0646FAE2', 2, '-', 0.00, 5, NULL, 121, '2017-05-08 04:10:46'),
('1D7CC93530E13520', 20, '+', 0.04, 5, NULL, 142, '2017-05-09 00:43:24'),
('1F0CFBB781BF722', 2, '-', 0.01, 1, NULL, NULL, '2017-05-06 02:08:16'),
('1F7441EA5CB0E42', 2, '-', 0.01, 1, NULL, NULL, '2017-05-06 02:06:42'),
('20A0B161C242247', 7, '-', 0.12, 5, NULL, 85, '2017-05-07 01:58:39'),
('21B5B90D0A95257', 7, '-', 0.00, 5, NULL, 5, '2017-04-09 11:29:01'),
('250442B41EC7CB2', 2, '-', 0.01, 1, NULL, NULL, '2017-05-06 02:01:25'),
('2A1188CBC612E720', 20, '-', 0.00, 5, NULL, 77, '2017-05-07 00:44:39'),
('2AECE085B837E92', 2, '+', 0.00, 5, NULL, 14, '2017-04-10 22:40:41'),
('2B93C6D807590420', 20, '+', 0.46, 5, NULL, 133, '2017-05-08 22:54:11'),
('2D1941D70074D62', 2, '-', 0.01, 1, NULL, NULL, '2017-05-07 22:56:06'),
('2D250825843F9D20', 20, '-', 0.51, 5, NULL, 125, '2017-05-08 06:23:53'),
('2E076BF97C8BC411', 11, '-', 0.01, 1, NULL, NULL, '2017-04-11 02:26:01'),
('3025E9CF64773920', 20, '+', 0.08, 5, NULL, 143, '2017-05-09 00:50:24'),
('30A39C282FFC2850', 50, '-', 0.58, 5, NULL, 133, '2017-05-08 22:54:11'),
('31FF2D9BBCFF382', 2, '-', 0.01, 1, NULL, NULL, '2017-05-07 23:01:56'),
('3208613EB80D1B11', 11, '-', 0.00, 5, NULL, 129, '2017-05-08 21:07:47'),
('3224FD0AB9514F20', 20, '-', 0.97, 5, NULL, 78, '2017-05-07 00:58:05'),
('3351DEEBCC94A920', 20, '-', 0.88, 5, NULL, 119, '2017-05-08 03:58:54'),
('33B1F4C7F9DE132', 2, '+', 0.00, 5, NULL, 36, '2017-05-05 23:26:11'),
('35D3BAE05D809820', 20, '+', 0.35, 5, NULL, 116, '2017-05-08 03:39:53'),
('3770110EB2EF0C7', 7, '+', 0.78, 5, NULL, 78, '2017-05-07 00:53:05'),
('39D2B11F964B6B7', 7, '-', 0.99, 5, NULL, 151, '2017-05-09 22:29:51'),
('39D316D1C089B420', 20, '+', 1.94, 5, NULL, 29, '2017-04-12 00:17:38'),
('3A98C32A23D05748', 48, '+', 0.00, 5, NULL, 53, '2017-05-06 02:53:34'),
('3AC239870E04932', 2, '-', 0.01, 1, NULL, NULL, '2017-05-07 21:34:30'),
('4094942A4B8FEE20', 20, '-', 0.00, 5, NULL, 95, '2017-05-07 22:08:17'),
('40C41850DEC85725', 25, '-', 0.00, 5, NULL, 14, '2017-04-10 22:40:41'),
('40EFD28C04ED6820', 20, '+', 0.00, 5, NULL, 28, '2017-04-11 23:14:55'),
('42082A625652157', 7, '+', 0.78, 5, NULL, 78, '2017-05-07 00:58:05'),
('42450B9AA62FCF50', 50, '-', 0.17, 5, NULL, 123, '2017-05-08 05:11:51'),
('43C17B2266B3312', 2, '-', 0.01, 1, NULL, NULL, '2017-05-07 23:30:23'),
('4460050818CF651', 1, '+', 0.00, 5, NULL, 1, '2017-04-05 16:44:48'),
('449A29641A2FA81', 1, '+', 0.00, 5, NULL, 9, '2017-04-10 09:17:09'),
('44C2D86FEBC4F07', 7, '+', 0.00, 5, NULL, 79, '2017-05-07 00:59:04'),
('44F8482235A89222', 22, '-', 0.01, 1, NULL, NULL, '2017-05-03 02:01:57'),
('45D6A30638A2BA1', 1, '+', 0.00, 5, NULL, 11, '2017-04-11 09:11:12'),
('4660A261085B7218', 18, '+', 0.00, 5, NULL, 121, '2017-05-08 04:10:46'),
('46A41E3195B84A50', 50, '+', 1.70, 5, NULL, 135, '2017-05-08 23:07:43'),
('46BBD84F3EA03318', 18, '+', 0.00, 5, NULL, 129, '2017-05-08 21:07:47'),
('46BD596DF0E9181', 1, '+', 0.00, 5, NULL, 12, '2017-04-11 09:13:08'),
('47224AC5B63EC611', 11, '+', 0.00, 5, NULL, 104, '2017-05-07 23:25:29'),
('47DFFEDF95DDB72', 2, '-', 0.01, 1, NULL, NULL, '2017-05-08 01:43:24'),
('48257ACB42D3E311', 11, '-', 0.00, 5, NULL, 113, '2017-05-08 02:41:33'),
('48682FADDFF71F2', 2, '-', 0.00, 5, NULL, 1, '2017-04-05 16:44:48'),
('4C0842DBAAB9C52', 2, '-', 0.00, 5, NULL, 153, '2017-05-10 01:49:20'),
('4D5FB64436CB3020', 20, '+', 0.65, 5, NULL, 150, '2017-05-09 22:20:59'),
('4D92C436A2A71F7', 7, '+', 0.00, 5, NULL, 71, '2017-05-06 06:05:05'),
('4DD0042EA26EBD2', 2, '+', 0.00, 5, NULL, 20, '2017-04-11 02:12:00'),
('4E335EAE4D5C5B18', 18, '-', 0.00, 5, NULL, 154, '2017-05-10 01:51:43'),
('4EC79068D527C92', 2, '-', 0.00, 5, NULL, 37, '2017-05-05 23:27:58'),
('4EDAFD60A3B5EE2', 2, '+', 0.00, 5, NULL, 131, '2017-05-08 21:50:34'),
('4F79D94C81CA8B20', 20, '-', 0.01, 1, NULL, NULL, '2017-05-07 01:02:19'),
('513404885EEF2F11', 11, '+', 0.00, 5, NULL, 65, '2017-05-06 05:37:48'),
('574D31786E2DA911', 11, '-', 0.01, 1, NULL, NULL, '2017-05-06 04:47:39'),
('5806FC79C5FA1A18', 18, '-', 0.00, 5, NULL, 105, '2017-05-07 23:29:19'),
('581231CCE98D1D2', 2, '+', 0.00, 5, NULL, 155, '2017-05-10 01:53:44'),
('586985DFC5BB1520', 20, '-', 0.34, 5, NULL, 148, '2017-05-09 03:41:11'),
('597C03E659A5022', 2, '-', 0.01, 1, NULL, NULL, '2017-05-07 23:14:24'),
('5992C162CF811D7', 7, '-', 7.41, 5, NULL, 31, '2017-05-05 22:08:47'),
('5C4533C74CBE4D2', 2, '-', 0.01, 1, NULL, NULL, '2017-05-06 02:28:13'),
('5E948ACA22CBBD18', 18, '-', 0.00, 5, NULL, 155, '2017-05-10 01:53:44'),
('5ECCD8AF9430EB11', 11, '-', 0.01, 1, NULL, NULL, '2017-05-06 02:45:37'),
('5F8380196E76B97', 7, '+', 0.76, 5, NULL, 7, '2017-04-09 12:46:10'),
('6046A5C44D5EDB7', 7, '-', 0.00, 5, NULL, 25, '2017-04-11 06:24:59'),
('6206C2E27F5B1C2', 2, '-', 0.01, 1, NULL, NULL, '2017-05-07 23:05:34'),
('6237F3FA88956831', 31, '-', 0.00, 5, NULL, 23, '2017-04-11 02:26:45'),
('62687BE84F3A1918', 18, '-', 0.00, 5, NULL, 34, '2017-05-05 22:40:49'),
('6292A35056DAAF20', 20, '-', 0.00, 5, NULL, 73, '2017-05-06 23:28:45'),
('62F9B7F7320FF020', 20, '+', 0.06, 5, NULL, 120, '2017-05-08 04:06:15'),
('649BB79C54F60C48', 48, '-', 0.01, 1, NULL, NULL, '2017-05-06 02:45:16'),
('6655D9CD8D4E772', 2, '+', 0.00, 5, NULL, 18, '2017-04-11 02:09:58'),
('668B870D12DCF47', 7, '-', 0.00, 5, NULL, 136, '2017-05-08 23:15:15'),
('66F628A07A50E311', 11, '-', 0.01, 1, NULL, NULL, '2017-05-06 02:58:42'),
('684466141658907', 7, '-', 0.42, 5, NULL, 149, '2017-05-09 04:43:12'),
('6883E38815233348', 48, '-', 0.01, 1, NULL, NULL, '2017-05-06 04:24:14'),
('68A2F8E6CB8D6B11', 11, '-', 0.01, 1, NULL, NULL, '2017-05-06 02:03:52'),
('6941CB0A3CF10020', 20, '-', 0.00, 5, NULL, 71, '2017-05-06 06:05:05'),
('69CCEBB9618B887', 7, '+', 0.00, 5, NULL, 95, '2017-05-07 22:08:17'),
('6A3BFE1C3909ED20', 20, '+', 0.79, 5, NULL, 151, '2017-05-09 22:29:51'),
('6A3E1E5C51768420', 20, '-', 0.30, 5, NULL, 118, '2017-05-08 03:50:20'),
('6A9BC3BC76B9452', 2, '-', 0.00, 5, NULL, 114, '2017-05-08 02:42:34'),
('6AFB4D1AB9941D7', 7, '+', 0.46, 5, NULL, 137, '2017-05-08 23:29:58'),
('6B55447C85FE222', 2, '+', 0.00, 5, NULL, 69, '2017-05-06 05:47:24'),
('6B6AD3998775742', 2, '-', 0.00, 5, NULL, 130, '2017-05-08 21:21:42'),
('6B78D30317ED0811', 11, '+', 0.00, 5, NULL, 112, '2017-05-08 02:40:38'),
('6C450F05637E2F50', 50, '+', 1.09, 5, NULL, 124, '2017-05-08 05:27:01'),
('6D2B9F1EEF568218', 18, '-', 0.00, 5, NULL, 122, '2017-05-08 20:50:51'),
('6F06661285C15120', 20, '-', 0.00, 5, NULL, 6, '2017-04-09 11:44:06'),
('6FA6BC5F47E80611', 11, '+', 0.00, 5, NULL, 19, '2017-04-11 02:11:10'),
('70072015E8662720', 20, '-', 0.00, 5, NULL, 74, '2017-05-06 23:36:39'),
('701A9CBB6C869B50', 50, '-', 0.44, 5, NULL, 116, '2017-05-08 03:39:53'),
('71E77E79BABE837', 7, '+', 0.27, 5, NULL, 148, '2017-05-09 03:41:11'),
('7401253B3FEC632', 2, '+', 0.00, 5, NULL, 122, '2017-05-08 20:50:51'),
('742ED422011C397', 7, '-', 2.43, 5, NULL, 29, '2017-04-12 00:17:38'),
('7433F3D800A9317', 7, '+', 0.10, 5, NULL, 146, '2017-05-09 03:31:03'),
('773D4EA3939A6020', 20, '-', 0.13, 5, NULL, 146, '2017-05-09 03:31:03'),
('790C57D050493620', 20, '+', 0.12, 5, NULL, 147, '2017-05-09 03:36:21'),
('7C717B8504AB8720', 20, '+', 0.00, 5, NULL, 136, '2017-05-08 23:15:15'),
('7D8F029C55459D50', 50, '-', 0.52, 5, NULL, 126, '2017-05-08 06:29:33'),
('7EA8177D8E847220', 20, '+', 1.98, 5, NULL, 152, '2017-05-09 22:36:44'),
('7ECC294B1FAC6D18', 18, '-', 0.01, 1, NULL, NULL, '2017-05-09 02:48:30'),
('80AF6EF65478C020', 20, '-', 0.00, 5, NULL, 72, '2017-05-06 23:19:04'),
('80EEAF87DC8C142', 2, '-', 0.00, 5, NULL, 92, '2017-05-07 21:22:51'),
('825D166E6D409311', 11, '-', 0.01, 1, NULL, NULL, '2017-05-06 04:22:25'),
('83192631CF7AC37', 7, '+', 0.36, 5, NULL, 140, '2017-05-09 00:36:59'),
('84B43AEF0D67997', 7, '+', 0.00, 5, NULL, 77, '2017-05-07 00:44:39'),
('856E8422AAB1C47', 7, '-', 2.48, 5, NULL, 152, '2017-05-09 22:36:44'),
('88AEEAE742395618', 18, '-', 0.01, 1, NULL, NULL, '2017-05-06 01:54:58'),
('88FE985D4E45007', 7, '-', 0.15, 5, NULL, 147, '2017-05-09 03:36:21'),
('892667D0D812BA7', 7, '+', 0.03, 5, NULL, 26, '2017-04-11 06:27:45'),
('8970435BCF2DDC2', 2, '-', 0.01, 1, NULL, NULL, '2017-05-06 05:04:32'),
('8A1BAC3F69235C18', 18, '+', 0.00, 5, NULL, 138, '2017-05-08 23:25:52'),
('8A572C7FA2DAB67', 7, '-', 0.00, 5, NULL, 3, '2017-04-08 23:23:28'),
('8AD2D59EDBCFF120', 20, '-', 0.00, 5, NULL, 79, '2017-05-07 00:59:04'),
('8CA4312F4A446B11', 11, '-', 0.01, 1, NULL, NULL, '2017-05-06 01:44:08'),
('8CBF043DF62E8311', 11, '+', 0.00, 5, NULL, 66, '2017-05-06 05:38:20'),
('8EBFFCA39B2D3B28', 28, '-', 0.00, 5, NULL, 20, '2017-04-11 02:12:00'),
('9022CB7CE3C64820', 20, '-', 2.13, 5, NULL, 135, '2017-05-08 23:07:43'),
('9227BC799B6B9C20', 20, '-', 0.58, 5, NULL, 137, '2017-05-08 23:29:58'),
('927DBC1C8E394A50', 50, '+', 0.70, 5, NULL, 119, '2017-05-08 03:58:54'),
('92DBA3C135F1A528', 28, '-', 0.00, 5, NULL, 18, '2017-04-11 02:09:58'),
('93E2C20BD52B2C50', 50, '+', 1.26, 5, NULL, 127, '2017-05-08 06:37:16'),
('95C6E1752A06B150', 50, '+', 0.24, 5, NULL, 118, '2017-05-08 03:50:20'),
('963A9BD554D63C20', 20, '-', 1.36, 5, NULL, 124, '2017-05-08 05:27:01'),
('97454E4802A02A20', 20, '-', 0.02, 5, NULL, 141, '2017-05-09 00:40:26'),
('99F01EEDD42ABF26', 26, '-', 0.00, 5, NULL, 11, '2017-04-11 09:11:12'),
('9BB28226E550477', 7, '-', 0.01, 1, NULL, NULL, '2017-05-07 01:22:13'),
('9C11C76C2213CE18', 18, '-', 0.01, 1, NULL, NULL, '2017-05-05 22:49:38'),
('9D3065F572D8622', 2, '-', 0.00, 5, NULL, 112, '2017-05-08 02:40:38'),
('9E4D98007EABE02', 2, '-', 0.01, 1, NULL, NULL, '2017-05-07 23:13:02'),
('9F61D3C14A878A2', 2, '+', 0.00, 5, NULL, 17, '2017-04-11 02:05:08'),
('9F789B1EF9480D2', 2, '+', 0.00, 5, NULL, 68, '2017-05-06 05:41:01'),
('A1E9213C212A1F2', 2, '+', 0.00, 5, NULL, 34, '2017-05-05 22:40:49'),
('A3708B0DDB0E587', 7, '+', 0.04, 5, NULL, 8, '2017-04-09 12:50:04'),
('A47D8BFEF0128711', 11, '-', 0.01, 1, NULL, NULL, '2017-05-06 01:53:43'),
('A5B3A6CC01862F2', 2, '-', 0.01, 1, NULL, NULL, '2017-05-06 02:26:58'),
('A78C064BE0F1937', 7, '+', 0.00, 5, NULL, 6, '2017-04-09 11:44:06'),
('A7B9F1B23C75C62', 2, '-', 0.01, 1, NULL, NULL, '2017-05-08 01:40:36'),
('A7F61D110BD77911', 11, '-', 0.01, 1, NULL, NULL, '2017-05-06 04:21:31'),
('AA7E8A40C8B5952', 2, '+', 0.00, 5, NULL, 44, '2017-05-06 02:00:42'),
('AB1F73CB7C96317', 7, '-', 0.05, 5, NULL, 142, '2017-05-09 00:43:24'),
('ACB0B8FAA47FF87', 7, '+', 0.00, 5, NULL, 73, '2017-05-06 23:28:45'),
('AD8C6AF1CA3D4F20', 20, '-', 0.01, 1, NULL, NULL, '2017-05-05 22:10:09'),
('AE1E51850703632', 2, '+', 0.00, 5, NULL, 67, '2017-05-06 05:40:09'),
('AE8E1AE0A4077F2', 2, '-', 0.01, 1, NULL, NULL, '2017-05-07 20:43:15'),
('AE991891596C3920', 20, '+', 0.00, 5, NULL, 25, '2017-04-11 06:24:59'),
('B3AD875240941C20', 20, '-', 0.95, 5, NULL, 7, '2017-04-09 12:46:10'),
('B3F4F91CC0FF4D2', 2, '-', 0.01, 1, NULL, NULL, '2017-05-07 23:49:57'),
('B51E0D2EF43BC920', 20, '-', 1.57, 5, NULL, 127, '2017-05-08 06:37:16'),
('B56C454237C33918', 18, '+', 0.00, 5, NULL, 157, '2017-05-10 02:12:30'),
('B8BAD5D6B9F8F02', 2, '-', 0.01, 1, NULL, NULL, '2017-05-07 23:34:48'),
('B910E0143DBBB150', 50, '+', 0.13, 5, NULL, 117, '2017-05-08 03:46:19'),
('B9168AEC62DDF120', 20, '+', 0.00, 5, NULL, 27, '2017-04-11 22:46:52'),
('B98FC1D56CB83D20', 20, '+', 0.00, 5, NULL, 115, '2017-05-08 03:30:43'),
('BA5654193ABC7A2', 2, '-', 0.01, 1, NULL, NULL, '2017-05-07 23:16:12'),
('BBD91B8C223F2A18', 18, '+', 0.00, 5, NULL, 130, '2017-05-08 21:21:42'),
('BCD46561A4D1522', 2, '-', 0.01, 1, NULL, NULL, '2017-05-07 21:01:53'),
('BF48389798FE821', 1, '+', 0.00, 5, NULL, 10, '2017-04-10 09:50:58'),
('BF59FBBC72EB607', 7, '-', 0.13, 5, NULL, 40, '2017-05-06 00:59:08'),
('BF6B95D2CB2E4111', 11, '-', 0.00, 5, NULL, 67, '2017-05-06 05:40:09'),
('BF6BB85A550A7A11', 11, '-', 0.00, 5, NULL, 24, '2017-04-11 02:27:44'),
('BFDD033E15FDFF11', 11, '-', 0.00, 5, NULL, 69, '2017-05-06 05:47:24'),
('C068CD71DF4DB320', 20, '-', 0.01, 1, NULL, NULL, '2017-05-07 01:01:33'),
('C081AB733C7BAE26', 26, '-', 0.00, 5, NULL, 12, '2017-04-11 09:13:08'),
('C22AAED8050AAA20', 20, '+', 0.42, 5, NULL, 126, '2017-05-08 06:29:33'),
('C3FD69996D23C62', 2, '+', 0.00, 5, NULL, 57, '2017-05-06 04:21:10'),
('C4A186E1304BFA7', 7, '-', 0.81, 5, NULL, 150, '2017-05-09 22:20:59'),
('C4D8C2979E9F1F2', 2, '-', 0.00, 5, NULL, 134, '2017-05-08 23:03:22'),
('C4D95C15E56DC320', 20, '+', 0.34, 5, NULL, 149, '2017-05-09 04:43:12'),
('C5BB900A0B9ACA20', 20, '-', 0.01, 1, NULL, NULL, '2017-05-07 02:10:13'),
('C7752D0ECDC4A520', 20, '-', 0.00, 5, NULL, 4, '2017-04-08 23:29:32'),
('C792068E5D03CA7', 7, '+', 0.02, 5, NULL, 141, '2017-05-09 00:40:26'),
('C7DFCD870934EC20', 20, '-', 0.16, 5, NULL, 117, '2017-05-08 03:46:19'),
('C8A1CDF3E1374D2', 2, '-', 0.00, 5, NULL, 10, '2017-04-10 09:50:58'),
('C975F4464F5B212', 2, '-', 0.00, 5, NULL, 132, '2017-05-08 21:51:24'),
('CA5053A6B0557D1', 1, '+', 0.00, 5, NULL, 13, '2017-04-11 09:18:25'),
('CAF10DBCBA336E11', 11, '+', 0.00, 5, NULL, 156, '2017-05-10 02:06:46'),
('CB270A7341E35D50', 50, '+', 0.41, 5, NULL, 125, '2017-05-08 06:23:53'),
('CBB08A40C44DE72', 2, '-', 0.01, 1, NULL, NULL, '2017-05-07 23:08:17'),
('CC28C102C0F4BE11', 11, '+', 0.00, 5, NULL, 114, '2017-05-08 02:42:34'),
('CCFEE0F88E1EAC11', 11, '-', 0.01, 1, NULL, NULL, '2017-05-06 05:00:04'),
('CD11CD285B0AF226', 26, '-', 0.00, 5, NULL, 13, '2017-04-11 09:18:25'),
('CD1E6982F66D2E11', 11, '+', 0.00, 5, NULL, 23, '2017-04-11 02:26:45'),
('CEB988CC3BD39318', 18, '-', 0.00, 5, NULL, 30, '2017-04-28 05:23:23'),
('CF8F37A40AE75818', 18, '-', 0.00, 5, NULL, 104, '2017-05-07 23:25:29'),
('CF9F0F69E862BD11', 11, '-', 0.00, 5, NULL, 36, '2017-05-05 23:26:11'),
('CFEBF4BF9697C411', 11, '-', 0.01, 1, NULL, NULL, '2017-05-06 04:57:07'),
('D1C61E0044059420', 20, '+', 0.14, 5, NULL, 123, '2017-05-08 05:11:51'),
('D30EF454F120417', 7, '-', 0.01, 1, NULL, NULL, '2017-05-06 23:39:26'),
('D33A1DC2C153CC11', 11, '+', 0.00, 5, NULL, 105, '2017-05-07 23:29:19'),
('D4FE6FC8E042DC20', 20, '+', 5.93, 5, NULL, 31, '2017-05-05 22:08:47'),
('D5390C454D4ADD28', 28, '-', 0.00, 5, NULL, 19, '2017-04-11 02:11:10'),
('D59C00020C974A11', 11, '-', 0.01, 1, NULL, NULL, '2017-05-06 05:03:34'),
('D5E5C6D4ADBD3A2', 2, '-', 0.01, 1, NULL, NULL, '2017-05-08 23:35:24'),
('DA0AFD072037DB11', 11, '+', 0.00, 5, NULL, 37, '2017-05-05 23:27:58'),
('DB21595888368F2', 2, '-', 0.00, 5, NULL, 138, '2017-05-08 23:25:52'),
('DC847DF9A1D28F7', 7, '-', 0.00, 5, NULL, 28, '2017-04-11 23:14:55'),
('DC9E1445AE28A72', 2, '+', 0.00, 5, NULL, 154, '2017-05-10 01:51:43'),
('DE1F730C4AACCE47', 47, '-', 0.00, 5, NULL, 44, '2017-05-06 02:00:42'),
('DE6396CD4EAAF331', 31, '+', 0.00, 5, NULL, 24, '2017-04-11 02:27:44'),
('DF830CFCC5102F50', 50, '-', 0.08, 5, NULL, 120, '2017-05-08 04:06:15'),
('E098DCB0B76CED2', 2, '+', 0.00, 5, NULL, 21, '2017-04-11 02:12:49'),
('E0AB4E8698F5D52', 2, '-', 0.00, 5, NULL, 9, '2017-04-10 09:17:09'),
('E0B4F82B5F7C8118', 18, '-', 0.00, 5, NULL, 156, '2017-05-10 02:06:46'),
('E1A2DE547352657', 7, '-', 0.00, 5, NULL, 27, '2017-04-11 22:46:52'),
('E1F55C43F4074847', 47, '-', 0.01, 1, NULL, NULL, '2017-05-06 04:07:51'),
('E6389D432EBD3811', 11, '+', 0.00, 5, NULL, 30, '2017-04-28 05:23:23'),
('E734FF74BE812311', 11, '-', 0.00, 5, NULL, 53, '2017-05-06 02:53:34'),
('E789C5EEE7EE1D20', 20, '-', 0.45, 5, NULL, 140, '2017-05-09 00:36:59'),
('E798C823D158352', 2, '-', 0.00, 5, NULL, 66, '2017-05-06 05:38:20'),
('E7B3E01B37A2B028', 28, '-', 0.00, 5, NULL, 17, '2017-04-11 02:05:08'),
('E9A6FDE5BE539720', 20, '-', 0.00, 5, NULL, 80, '2017-05-07 01:00:16'),
('EB780F23D7558A20', 20, '-', 0.97, 5, NULL, 78, '2017-05-07 00:53:05'),
('EC2AA53FCE01792', 2, '-', 0.01, 1, NULL, NULL, '2017-05-09 03:04:58'),
('EC33622689E6B72', 2, '+', 0.00, 5, NULL, 113, '2017-05-08 02:41:33'),
('EC378CFA15F3332', 2, '-', 0.01, 1, NULL, NULL, '2017-05-07 23:40:24'),
('EC46A731FDD1FF7', 7, '+', 0.00, 5, NULL, 4, '2017-04-08 23:29:32'),
('EF59330EAADFE218', 18, '+', 0.00, 5, NULL, 153, '2017-05-10 01:49:20'),
('F2391BCDE79F537', 7, '+', 0.00, 5, NULL, 80, '2017-05-07 01:00:16'),
('F2F033A690C67511', 11, '-', 0.00, 5, NULL, 68, '2017-05-06 05:41:01'),
('F4437595E699A57', 7, '-', 0.00, 5, NULL, 83, '2017-05-07 01:14:51'),
('F47117F9F7970F7', 7, '-', 0.10, 5, NULL, 143, '2017-05-09 00:50:24'),
('F5016B7E4A0B7B20', 20, '+', 0.10, 5, NULL, 40, '2017-05-06 00:59:08'),
('F69EBAE15A69EE20', 20, '+', 0.10, 5, NULL, 85, '2017-05-07 01:58:39'),
('F84CC14331379318', 18, '-', 0.00, 5, NULL, 131, '2017-05-08 21:50:34'),
('FD49DBE8A67B802', 2, '-', 0.00, 5, NULL, 157, '2017-05-10 02:12:30'),
('FF93754D971EB318', 18, '-', 0.01, 1, NULL, NULL, '2017-05-05 22:19:44');

-- --------------------------------------------------------

--
-- Table structure for table `trip`
--

CREATE TABLE IF NOT EXISTS `trip` (
  `id` int(11) NOT NULL,
  `passengerId` int(11) DEFAULT NULL,
  `driverId` int(11) DEFAULT NULL,
  `link` varchar(3) DEFAULT NULL,
  `startTime` datetime DEFAULT NULL,
  `endTime` datetime DEFAULT NULL,
  `startLat` varchar(20) DEFAULT NULL,
  `startLong` varchar(20) DEFAULT NULL,
  `startLocation` varchar(255) DEFAULT NULL,
  `endLat` varchar(20) DEFAULT NULL,
  `endLong` varchar(20) DEFAULT NULL,
  `endLocation` varchar(255) DEFAULT NULL,
  `distance` float(4,1) DEFAULT NULL,
  `status` int(11) DEFAULT NULL,
  `estimateFare` float(13,2) DEFAULT NULL,
  `actualFare` float(13,2) DEFAULT NULL,
  `driverRate` float(3,1) DEFAULT NULL,
  `passengerRate` float(3,1) DEFAULT NULL,
  `dateCreated` datetime DEFAULT NULL,
  `need_help` int(1) NOT NULL
) ENGINE=InnoDB AUTO_INCREMENT=158 DEFAULT CHARSET=utf8;

--
-- Dumping data for table `trip`
--

INSERT INTO `trip` (`id`, `passengerId`, `driverId`, `link`, `startTime`, `endTime`, `startLat`, `startLong`, `startLocation`, `endLat`, `endLong`, `endLocation`, `distance`, `status`, `estimateFare`, `actualFare`, `driverRate`, `passengerRate`, `dateCreated`, `need_help`) VALUES
(1, 2, 1, 'I', '2017-04-05 16:44:28', '2017-04-05 16:44:32', '21.04672829697768', '105.7867017388344', '234 Hong Quc Vit, C Nhu 1, T Lim, H Ni', '21.047462067088308', '105.80575279891491', '650 Bi, Vnh Phc, Ba nh, H Ni', 0.0, 4, 0.00, 0.00, 0.0, 10.0, '2017-04-05 16:44:17', 0),
(3, 7, 20, 'I', '2017-04-08 23:22:49', '2017-04-08 23:23:03', '-37.825659', '145.152887', 'Unit 2/67 Blackburn Rd, Blackburn VIC 3130, c', '-37.833845', '145.166101', '255 Canterbury Rd, Forest Hill VIC 3131, c', 0.0, 4, 0.00, 0.00, 10.0, 10.0, '2017-04-08 23:22:24', 0),
(4, 20, 7, 'II', '2017-04-08 23:28:54', '2017-04-08 23:29:21', '-37.8252253', '145.1528044', 'Unit 2/65 Blackburn Rd, Blackburn VIC 3130, Australia', '-37.834374165807766', '145.16546420753002', '270 Canterbury Road, Forest Hill VIC 3131', 0.0, 4, 0.00, 0.00, 10.0, 10.0, '2017-04-08 23:28:29', 0),
(5, 7, 20, 'I', '2017-04-09 11:27:03', '2017-04-09 11:27:53', '-37.825413', '145.152805', 'Unit 2/65 Blackburn Rd, Blackburn VIC 3130, c', '-37.833243', '145.159351', '226 Canterbury Rd, Blackburn South VIC 3130, c', 0.0, 4, 0.00, 0.00, 7.0, 8.0, '2017-04-09 11:26:38', 0),
(6, 20, 7, 'II', '2017-04-09 11:43:19', '2017-04-09 11:43:50', '-37.8252649', '145.1528608', 'Unit 2/65 Blackburn Rd, Blackburn VIC 3130, Australia', '-37.86136234615962', '145.20730197429654', 'Wantirna South VIC 3152', 0.0, 4, 0.00, 0.00, 10.0, 10.0, '2017-04-09 11:42:46', 0),
(7, 20, 7, 'II', '2017-04-09 12:39:31', '2017-04-09 12:45:26', '-37.8233177', '145.1523211', '48-50 Blackburn Rd, Blackburn VIC 3130, Australia', '-37.820694025630374', '145.14990370720628', '2 Main Street, Blackburn VIC 3130', 0.5, 4, 0.00, 0.95, 10.0, 10.0, '2017-04-09 12:38:58', 0),
(8, 20, 7, 'II', '2017-04-09 12:49:22', '2017-04-09 12:49:36', '-37.82033699999999', '145.135032', '1 Sagoe Ln, Box Hill, VIC, 3128, Australia', '-37.82971227120222', '145.08461236953735', '19 Selwyn Street, Canterbury VIC 3126', 0.0, 4, 0.00, 0.05, 10.0, NULL, '2017-04-09 12:49:08', 0),
(9, 2, 1, 'I', '2017-04-10 09:12:59', '2017-04-10 09:13:07', '21.046533667369268', '105.78824870288372', 'Ng 210, Ngha Tn, Cu Giy, H Ni', '21.046216376754845', '105.80528039485215', '6 Hong Quc Vit, Ngha , Ba nh, H Ni', 0.0, 4, 0.00, 0.00, 9.0, 10.0, '2017-04-10 09:12:37', 0),
(10, 2, 1, 'I', '2017-04-10 09:30:49', '2017-04-10 09:30:54', '21.046757084615198', '105.79160112887621', '124a25 Hong Quc Vit, Ngha Tn, Cu Giy, H Ni', '21.046283652434685', '105.80442644655703', '16 Hong Quc Vit, Ngha , Cu Giy, H Ni', 0.0, 4, 0.00, 0.00, 7.0, 10.0, '2017-04-10 09:30:29', 0),
(11, 26, 1, 'I', '2017-04-11 09:04:50', '2017-04-11 09:05:00', '21.046140026644135', '105.79037971794605', '148 Hong Quc Vit, Ngha Tn, Cu Giy, H Ni', '21.046028004689532', '105.80671973526478', '628 Bi, Vnh Phc, Ba nh, H Ni', 0.0, 4, 0.00, 0.00, 6.0, 10.0, '2017-04-11 09:04:28', 0),
(12, 26, 1, 'I', '2017-04-11 09:12:29', '2017-04-11 09:12:37', '21.046234212635724', '105.78706618398428', '180 Hong Quc Vit, Ngha Tn, Cu Giy, H Ni', '21.046106232320348', '105.80614842474462', '636 Bi, Vnh Phc, Ba nh, H Ni', 0.0, 4, 0.00, 0.00, 8.0, 4.0, '2017-04-11 09:12:18', 0),
(13, 26, 1, 'I', '2017-04-11 09:14:30', '2017-04-11 09:14:38', '21.045866855640543', '105.79141974449159', 'Ng Tn , Ngha Tn, Cu Giy, H Ni', '21.045904404949102', '105.80552112311125', '630 Bi, Vnh Phc, Ba nh, H Ni', 0.0, 4, 0.00, 0.00, 10.0, NULL, '2017-04-11 09:14:23', 0),
(14, 25, 2, 'I', '2017-04-10 22:40:25', '2017-04-10 22:40:29', '21.04846524544776', '105.78500859439373', 'Ng 234 Hong Quc Vit, C Nhu 1, Cu Giy, H Ni', '21.047303422854796', '105.80516774207355', '99 V Ch Cng, Bi n, Ngha , Cu Giy, H Ni', 0.0, 4, 0.00, 0.00, 6.0, 8.0, '2017-04-10 22:40:14', 0),
(17, 28, 2, 'I', '2017-04-11 02:04:24', '2017-04-11 02:04:29', '21.045361', '105.803638', '67 Hong Quc Vit, Ngha , Cu Giy, H Ni, Vit Nam', '21.039924', '105.802018', 'Ng 3 - 800A, Ngha , Cu Giy, H Ni, Vit Nam', 0.0, 4, 0.00, 0.00, 5.0, NULL, '2017-04-11 02:04:08', 0),
(18, 28, 2, 'I', '2017-04-11 02:07:13', '2017-04-11 02:07:16', '21.042778', '105.802662', 'Ng 17 - Phng Ch Kin, Ngha , Cu Giy, H Ni, Vit Nam', '21.042778', '105.802662', 'Ng 17 - Phng Ch Kin, Ngha , Cu Giy, H Ni, Vit Nam', 0.0, 4, 0.00, 0.00, 5.0, NULL, '2017-04-11 02:07:07', 0),
(19, 28, 11, 'I', '2017-04-11 02:10:47', '2017-04-11 02:10:56', '21.044810', '105.803874', '44 Hong Quc Vit, Ngha , Cu Giy, H Ni, Vit Nam', '21.040054', '105.804046', '32 ng Quan, Ngha , Cu Giy, H Ni, Vit Nam', 0.0, 4, 0.00, 0.00, 8.0, NULL, '2017-04-11 02:10:17', 0),
(20, 28, 2, 'I', '2017-04-11 02:11:33', '2017-04-11 02:11:36', '21.042825', '105.802639', 'Ng 17 - Phng Ch Kin, Ngha , Cu Giy, H Ni, Vit Nam', '21.042825', '105.802639', 'Ng 17 - Phng Ch Kin, Ngha , Cu Giy, H Ni, Vit Nam', 0.0, 4, 0.00, 0.00, 8.0, 6.0, '2017-04-11 02:11:27', 0),
(21, 28, 2, 'I', '2017-04-11 02:12:30', '2017-04-11 02:12:34', '21.042825', '105.802639', 'Ng 17 - Phng Ch Kin, Ngha , Cu Giy, H Ni, Vit Nam', '21.042825', '105.802639', 'Ng 17 - Phng Ch Kin, Ngha , Cu Giy, H Ni, Vit Nam', 0.0, 4, 0.00, 0.00, 8.0, 5.0, '2017-04-11 02:12:24', 0),
(23, 31, 11, 'I', '2017-04-11 02:26:31', '2017-04-11 02:26:38', '21.046417577883652', '105.78785978257658', '180 Hong Quc Vit, Ngha Tn, Cu Giy, H Ni', '21.047367568965623', '105.80747377127409', '691 Hong Hoa Thm, Vnh Phc, Ba nh, H Ni', 0.0, 4, 0.00, 0.00, 8.0, 10.0, '2017-04-11 02:26:20', 0),
(24, 11, 31, 'I', '2017-04-11 02:27:33', '2017-04-11 02:27:36', '21.045247', '105.803526', '71 Hong Quc Vit, Ngha , Cu Giy, H Ni, Vietnam', '21.039640', '105.800357', 'Ng 11 - 800A, Ngha , Cu Giy, H Ni, Vietnam', 0.0, 4, 0.00, 0.00, 7.0, 9.0, '2017-04-11 02:27:07', 0),
(25, 7, 20, 'I', '2017-04-11 06:23:17', '2017-04-11 06:24:33', '-37.824266', '145.151388', '47 Gardenia St, Blackburn VIC 3130, c', '-37.824292', '145.154564', '15 Wolseley Cres, Blackburn VIC 3130, c', 0.0, 4, 0.00, 0.00, 9.0, 10.0, '2017-04-11 06:22:34', 0),
(26, 20, 7, 'II', '2017-04-11 06:27:20', '2017-04-11 06:27:37', '-37.80873923911012', '145.1385747268796', '53 Springfield Road, Box Hill North VIC 3129', '-37.855456125757186', '145.1873265579343', '16 Nicholi Walk, Vermont South VIC 3133', 0.0, 4, 0.00, 0.04, 10.0, 10.0, '2017-04-11 06:26:55', 0),
(27, 7, 20, 'I', '2017-04-11 22:46:31', '2017-04-11 22:46:41', '-37.834335', '145.164712', '294 Canterbury Rd, Forest Hill VIC 3131, c', '-37.836806', '145.170887', '18 Thornhill Dr, Forest Hill VIC 3131, c', 0.0, 4, 0.00, 0.00, 10.0, 10.0, '2017-04-11 22:46:10', 0),
(28, 7, 20, 'I', '2017-04-11 23:14:06', '2017-04-11 23:14:37', '-37.835349', '145.165499', 'Forest Hill VIC 3131, c', '-37.835495', '145.165678', 'Forest Hill VIC 3131, c', 0.0, 4, 0.00, 0.00, 9.0, 10.0, '2017-04-11 23:05:07', 0),
(29, 7, 20, 'I', '2017-04-11 23:56:08', '2017-04-12 00:16:44', '-37.833683', '145.164070', '231-239 Canterbury Rd, Blackburn VIC 3130, c', '-37.825359', '145.152696', 'Unit 1/65 Blackburn Rd, Blackburn VIC 3130, c', 1.5, 4, 0.00, 2.43, 10.0, 10.0, '2017-04-11 23:56:00', 0),
(30, 18, 11, 'I', '2017-04-28 05:23:04', '2017-04-28 05:23:08', '21.043882', '105.803871', '74 Hong Quc Vit, Ngha , Cu Giy, H Ni, Vietnam', '21.041178', '105.801886', '1 Phng Ch Kin, Ngha , Cu Giy, H Ni, Vietnam', 0.0, 4, 0.00, 0.00, 8.0, 5.0, '2017-04-28 05:22:54', 0),
(31, 7, 20, 'I', '2017-05-05 21:50:48', '2017-05-05 22:08:26', '-37.825845', '145.152585', '69 Blackburn Rd, Blackburn VIC 3130, c', '-37.821500', '145.126000', 'Box Hill VIC 3128, c', 4.6, 4, 0.00, 7.41, 8.0, 10.0, '2017-05-05 21:36:15', 0),
(34, 18, 2, 'I', '2017-05-05 22:31:05', '2017-05-05 22:40:13', '21.042871', '105.800537', 'ng 800A, Ngha , Cu Giy, H Ni, Vietnam', '21.040247', '105.802028', 'Ng 3 - 800A, Ngha , Cu Giy, H Ni, Vietnam', 0.0, 4, 0.00, 0.00, 6.0, 6.0, '2017-05-05 22:30:50', 0),
(36, 11, 2, 'I', '2017-05-05 23:25:49', '2017-05-05 23:25:54', '21.044555', '105.804550', 'Ng 5 Hong Quc Vit Ng 5, Ngha , Cu Giy, H Ni, Vietnam', '21.041284', '105.803678', 'Ng 61 Phng Ch Kin, Ngha , Cu Giy, H Ni, Vietnam', 0.0, 4, 0.00, 0.00, 6.0, 6.0, '2017-05-05 23:25:24', 0),
(37, 2, 11, 'I', '2017-05-05 23:27:44', '2017-05-05 23:27:48', '21.016429353732544', '105.80721527338027', 'ng s 6 Nam Thnh Cng, Lng H, ng a, H Ni', '21.073304425830294', '105.79537063837051', 'Ng 256 Xun nh, phng Xun nh, Ty H, H Ni', 0.0, 4, 0.00, 0.00, 8.0, 6.0, '2017-05-05 23:27:04', 0),
(38, 20, 7, 'II', '2017-05-06 00:34:01', '2017-05-06 00:34:10', '-37.8138347', '144.9654858', '167 Swanston St, Melbourne VIC 3000, Australia', '-37.8329257', '144.9566783', '322 Coventry Street, South Melbourne, Victoria, Australia', 0.0, 4, 0.00, 0.00, NULL, 10.0, '2017-05-06 00:33:19', 0),
(40, 7, 20, 'I', '2017-05-06 00:57:34', '2017-05-06 00:58:52', '-37.834675', '144.958360', '200 Cecil St, South Melbourne VIC 3205, c', '-37.831302', '144.956783', '115 Cecil St, South Melbourne VIC 3205, c', 0.1, 4, 0.00, 0.13, 8.0, 10.0, '2017-05-06 00:56:57', 0),
(44, 47, 2, 'I', '2017-05-06 02:00:28', '2017-05-06 02:00:34', '21.045849645537633', '105.78789532184602', '3a ng 1a Hong Quc Vit, Ngha Tn, Cu Giy, H Ni', '21.052464749612756', '105.80404087901115', 'V Ch Cng, Ngha , Cu Giy, H Ni', 0.0, 4, 0.00, 0.00, 6.0, 8.0, '2017-05-06 02:00:09', 0),
(53, 11, 48, 'I', '2017-05-06 02:46:22', '2017-05-06 02:53:04', '21.045052', '105.803422', 'kit 5 Phng Ch Kin, Ngha , Cu Giy, H Ni, Vietnam', '21.041521', '105.801169', '4 ng 800A, Ngha , Cu Giy, H Ni, Vietnam', 0.0, 4, 0.00, 0.00, 8.0, NULL, '2017-05-06 02:46:12', 0),
(65, 2, 11, 'I', '2017-05-06 05:37:36', '2017-05-06 05:37:43', '21.046925742510176', '105.78915361315012', 'Ng 49 - Trn Cung, Ngha Tn, Cu Giy, H Ni', '21.05551108438038', '105.80675225704908', '117/38/191 Ng 291 - Lc Long Qun, Bi n, Ngha , Cu Giy, H Ni', 0.0, 4, 0.00, 0.00, 8.0, 10.0, '2017-05-06 05:37:21', 0),
(66, 2, 11, 'I', '2017-05-06 05:38:09', '2017-05-06 05:38:14', '21.046172882229364', '105.78729551285505', '180 Hong Quc Vit, Ngha Tn, Cu Giy, H Ni', '21.0525755151368', '105.80667145550252', 'Ngch 191/36, Bi n, Ngha , Cu Giy, H Ni', 0.0, 4, 0.00, 0.00, 10.0, 7.0, '2017-05-06 05:38:02', 0),
(67, 11, 2, 'I', '2017-05-06 05:39:57', '2017-05-06 05:40:01', '21.042813', '105.802655', 'Ng 17 - Phng Ch Kin, Ngha , Cu Giy, H Ni, Vietnam', '21.040797', '105.802747', '5 ng Quan, Ngha , Cu Giy, H Ni, Vietnam', 0.0, 4, 0.00, 0.00, 8.0, 10.0, '2017-05-06 05:39:42', 0),
(68, 11, 2, 'I', '2017-05-06 05:40:50', '2017-05-06 05:40:52', '21.042813', '105.802655', 'Ng 17 - Phng Ch Kin, Ngha , Cu Giy, H Ni, Vietnam', '21.042813', '105.802655', 'Ng 17 - Phng Ch Kin, Ngha , Cu Giy, H Ni, Vietnam', 0.0, 4, 0.00, 0.00, 8.0, 7.0, '2017-05-06 05:40:45', 0),
(69, 11, 2, 'I', '2017-05-06 05:47:10', '2017-05-06 05:47:14', '21.045317', '105.803928', '45 Hong Quc Vit, Ngha , Cu Giy, H Ni, Vietnam', '21.041525', '105.803806', 'Ng 61 Phng Ch Kin, Ngha , Cu Giy, H Ni, Vietnam', 0.0, 4, 0.00, 0.00, 8.0, 6.0, '2017-05-06 05:44:49', 0),
(71, 20, 7, 'II', '2017-05-06 06:04:46', '2017-05-06 06:04:53', '-37.8252141', '145.1528092', 'Unit 2/63 Blackburn Rd, Blackburn VIC 3130, Australia', '-37.86037977364693', '145.20930659025908', '5 Burwood Highway, Wantirna VIC 3152', 0.0, 4, 0.00, 0.00, 10.0, 10.0, '2017-05-06 06:04:36', 0),
(72, 20, 7, 'II', '2017-05-06 23:18:48', '2017-05-06 23:18:55', '-37.8288294', '145.1483519', '2A Molleton St, Blackburn VIC 3130, Australia', '-37.82604795564715', '145.14243241399527', '50 Myrtle Grove, Blackburn VIC 3130', 0.0, 4, 0.00, 0.00, 10.0, 10.0, '2017-05-06 22:24:44', 0),
(73, 20, 7, 'II', '2017-05-06 23:27:59', '2017-05-06 23:28:31', '-37.81155733690935', '145.09634133428338', '27-29 Threadneedle Street, Balwyn VIC 3103', '-37.83549954354115', '145.11174190789464', '230 Elgar Road, Box Hill South VIC 3128', 0.0, 4, 0.00, 0.00, 10.0, 10.0, '2017-05-06 23:27:33', 0),
(74, 20, 7, 'II', '2017-05-06 23:33:03', '2017-05-06 23:36:27', '-37.84558931041396', '145.11615213006735', 'Unit 2/60 Glengarry Avenue, Burwood VIC 3125', '-37.80692658303991', '145.1093839108944', '60 Strabane Avenue, Mont Albert North VIC 3129', 0.0, 4, 0.00, 0.00, 10.0, 10.0, '2017-05-06 23:32:34', 0),
(77, 20, 7, 'II', '2017-05-07 00:41:36', '2017-05-07 00:41:42', '-37.817252', '145.1560369', '200 Surrey Rd, Blackburn VIC 3130, Australia', '-37.8253971', '145.1525777', '65 Blackburn Road, Blackburn, Victoria, Australia', 0.0, 4, 0.00, 0.00, 10.0, 10.0, '2017-05-07 00:41:07', 0),
(78, 20, 7, 'II', '2017-05-07 00:45:40', '2017-05-07 00:52:23', '-37.817252', '145.1560369', '200 Surrey Rd, Blackburn VIC 3130, Australia', '-37.8253971', '145.1525777', '65 Blackburn Road, Blackburn, Victoria, Australia', 0.5, 4, 0.00, 0.97, 10.0, 10.0, '2017-05-07 00:45:25', 0),
(79, 20, 7, 'II', '2017-05-07 00:58:43', '2017-05-07 00:58:58', '-37.8253993', '145.1530411', 'Unit 3/65 Blackburn Rd, Blackburn VIC 3130, Australia', '-37.8215', '145.126', 'Box Hill, Victoria, Australia', 0.0, 4, 0.00, 0.00, 10.0, 10.0, '2017-05-07 00:58:09', 0),
(80, 20, 7, 'II', '2017-05-07 00:59:39', '2017-05-07 00:59:43', '-37.8253993', '145.1530411', 'Unit 3/65 Blackburn Rd, Blackburn VIC 3130, Australia', '-37.8215', '-37.8215', 'Box Hill, Victoria, Australia', 0.0, 4, 0.00, 0.00, 10.0, 10.0, '2017-05-07 00:59:30', 0),
(83, 7, 20, 'I', '2017-05-07 01:14:32', '2017-05-07 01:14:41', '-37.825351', '145.152814', 'Unit 2/65 Blackburn Rd, Blackburn VIC 3130, c', '-37.833427', '145.156627', '147 Blackburn Rd, Blackburn South VIC 3130, c', 0.0, 4, 0.00, 0.00, 10.0, 10.0, '2017-05-07 01:11:57', 0),
(85, 7, 20, 'I', '2017-05-07 01:57:11', '2017-05-07 01:58:25', '-37.823484', '145.152349', '43-47 Blackburn Rd, Blackburn VIC 3130, c', '-37.827950', '145.153161', '95 Blackburn Rd, Blackburn VIC 3130, c', 0.1, 4, 0.00, 0.12, 10.0, 10.0, '2017-05-07 01:54:34', 0),
(87, 7, 20, 'I', '2017-05-07 05:50:32', '2017-05-07 05:54:02', '-37.826176', '145.152613', '1 Wellington Ave, Blackburn VIC 3130, c', '-37.827998', '145.153149', '95 Blackburn Rd, Blackburn VIC 3130, c', 0.3, 4, 0.00, 0.42, 10.0, 10.0, '2017-05-07 05:50:21', 0),
(92, 2, 18, 'II', '2017-05-07 21:18:31', '2017-05-07 21:22:37', '21.04655119030263', '105.78616730868816', '236 Hong Quc Vit, C Nhu 1, T Lim, H Ni', '21.056037052672306', '105.80516640096904', 's 5/dy N11 Ng 445 Lc Long Qun, Xun La, Ty H, H Ni', 0.0, 4, 0.00, 0.00, 10.0, 6.0, '2017-05-07 21:16:51', 0),
(95, 20, 7, 'II', '2017-05-07 22:06:50', '2017-05-07 22:07:30', '-37.861013470889034', '145.15767674893144', 'Unit 2/574-576 Highbury Road, Glen Waverley VIC 3150', '-37.81000751562759', '145.16768977046013', 'Unit 2/18 Zander Avenue, Nunawading VIC 3131', 0.0, 4, 0.00, 0.00, 10.0, 10.0, '2017-05-07 22:00:51', 0),
(104, 18, 11, 'I', '2017-05-07 23:23:46', '2017-05-07 23:24:16', '21.043962', '105.804177', '74 Hong Quc Vit, Ngha , Cu Giy, H Ni, Vietnam', '21.041168', '105.802009', '1 Phng Ch Kin, Ngha , Cu Giy, H Ni, Vietnam', 0.0, 4, 0.00, 0.00, 7.0, 6.0, '2017-05-07 23:23:17', 0),
(105, 18, 11, 'I', '2017-05-07 23:26:55', '2017-05-07 23:27:13', '21.043882', '105.803619', 'Ng 1 Phng Ch Kin, Ngha , Cu Giy, H Ni, Vietnam', '21.041879', '105.801763', '23 Phng Ch Kin, Ngha , Cu Giy, H Ni, Vietnam', 0.0, 4, 0.00, 0.00, 8.0, 6.0, '2017-05-07 23:26:07', 0),
(112, 2, 11, 'I', '2017-05-08 02:40:15', '2017-05-08 02:40:26', '21.045063923993332', '105.7851416990161', 'Ng 1A Hong Quc Vit, C Nhu 1, Cu Giy, H Ni', '21.0548871790707', '105.80435905605555', 'V Ch Cng, Xun La, Ty H, H Ni', 0.0, 4, 0.00, 0.00, 9.0, 7.0, '2017-05-08 02:39:58', 0),
(113, 11, 2, 'I', '2017-05-08 02:41:16', '2017-05-08 02:41:24', '21.045802', '105.802409', '8 Phng Ch Kin, Ngha , Cu Giy, H Ni, Vietnam', '21.040662', '105.802688', '61/14 Phng Ch Kin, Ngha , Cu Giy, H Ni, Vietnam', 0.0, 4, 0.00, 0.00, 8.0, 8.0, '2017-05-08 02:41:08', 0),
(114, 2, 11, 'I', '2017-05-08 02:42:16', '2017-05-08 02:42:28', '21.04714258809442', '105.7847500964999', 'Ng 234 Hong Quc Vit, C Nhu 1, Cu Giy, H Ni', '21.06034328948062', '105.80568037927151', '16 Ng 77 Xun La, Xun La, Ty H, H Ni', 0.0, 4, 0.00, 0.00, 7.0, 10.0, '2017-05-08 02:41:58', 0),
(115, 50, 20, 'I', '2017-05-08 03:30:19', '2017-05-08 03:30:29', '-37.825353', '145.152883', 'Unit 2/65 Blackburn Rd, Blackburn VIC 3130, c', '-37.828810', '145.153624', '107 Blackburn Rd, Blackburn VIC 3130, c', 0.0, 4, 0.00, 0.00, 10.0, 10.0, '2017-05-08 03:29:58', 0),
(116, 50, 20, 'I', '2017-05-08 03:35:51', '2017-05-08 03:39:30', '-37.826113', '145.152421', '78 Blackburn Rd, Blackburn VIC 3130, c', '-37.819564', '145.153163', '67-69 Railway Rd, Blackburn VIC 3130, c', 0.3, 4, 0.00, 0.44, 10.0, 10.0, '2017-05-08 03:34:18', 0),
(117, 20, 50, 'I', '2017-05-08 03:44:40', '2017-05-08 03:46:09', '-37.82836727801777', '145.15319546567568', '101 Blackburn Rd, Blackburn VIC 3130, Australia', '-37.8253971', '145.1525777', '65 Blackburn Road, Blackburn, Victoria, Australia', 0.1, 4, 0.00, 0.16, 10.0, 10.0, '2017-05-08 03:41:52', 0),
(118, 20, 50, 'I', '2017-05-08 03:47:03', '2017-05-08 03:49:46', '-37.83668103929051', '145.15716511756182', 'Unit 2/175 Blackburn Road, Blackburn South VIC 3130', '-37.806929496887804', '145.1625456288457', '30 Junction Road, Blackburn North VIC 3130', 0.2, 4, 0.00, 0.30, 10.0, 10.0, '2017-05-08 03:46:49', 0),
(119, 20, 50, 'I', '2017-05-08 03:52:29', '2017-05-08 03:58:38', '-37.80384499209593', '145.16344919800756', '15 Slater Avenue, Blackburn North VIC 3130', '-37.83290505864236', '145.1568452641368', '202-204 Canterbury Road, Blackburn South VIC 3130', 0.6, 4, 0.00, 0.88, 10.0, 10.0, '2017-05-08 03:51:13', 0),
(120, 50, 20, 'I', '2017-05-08 04:05:03', '2017-05-08 04:06:00', '-37.821842', '145.152713', '27-29 Blackburn Rd, Blackburn VIC 3130, c', '-37.819706', '145.153088', '61 Railway Rd, Blackburn VIC 3130, c', 0.0, 4, 0.00, 0.08, 9.0, 10.0, '2017-05-08 04:01:29', 0),
(121, 2, 18, 'II', '2017-05-08 04:02:32', '2017-05-08 04:10:41', '21.045992958697607', '105.78597888350488', '1014 Hong Quc Vit, C Nhu 1, Cu Giy, H Ni', '21.056524846708182', '105.80548625439405', 'S 8/N23 TT B t lnh cnh v Ng 445 Lc Long Qun, Xun La, Ty H, H Ni', 0.0, 4, 0.00, 0.00, 7.0, 10.0, '2017-05-08 04:01:43', 0),
(122, 18, 2, 'I', '2017-05-08 04:16:25', '2017-05-08 04:49:57', '21.042779', '105.802563', '51 Phng Ch Kin, Ngha , Cu Giy, H Ni, Vietnam', '21.046564', '105.802446', '34 Hong Quc Vit, Ngha , Cu Giy, H Ni, Vietnam', 0.0, 4, 0.00, 0.00, 8.0, 7.0, '2017-05-08 04:14:10', 0),
(123, 50, 20, 'I', '2017-05-08 05:10:14', '2017-05-08 05:11:35', '-37.824827', '145.152367', '59 Blackburn Rd, Blackburn VIC 3130, c', '-37.829320', '145.158615', '22 Rosalind Cres, Blackburn VIC 3130, c', 0.1, 4, 0.00, 0.17, 10.0, 10.0, '2017-05-08 05:09:14', 0),
(124, 20, 50, 'I', '2017-05-08 05:23:30', '2017-05-08 05:26:46', '-37.84238542216082', '145.15823431313038', '29 Monash Grove, Blackburn South VIC 3130', '-37.80015581452973', '145.1631387323141', '25 Bowen Road, Doncaster East VIC 3109', 0.8, 4, 0.00, 1.36, 10.0, 10.0, '2017-05-08 05:21:30', 0),
(125, 20, 50, 'I', '2017-05-08 06:19:12', '2017-05-08 06:23:37', '-37.82543911663742', '145.15238609164953', '72A Blackburn Road, Blackburn VIC 3130', '-37.828321987163655', '145.15310693532228', '100 Blackburn Road, Blackburn VIC 3130', 0.3, 4, 0.00, 0.51, 10.0, 10.0, '2017-05-08 06:18:57', 0),
(126, 50, 20, 'I', '2017-05-08 06:24:58', '2017-05-08 06:29:16', '-37.828279', '145.153213', '1 Jeffery St, Blackburn VIC 3130, c', '-37.825371', '145.152401', '65 Blackburn Rd, Blackburn VIC 3130, c', 0.3, 4, 0.00, 0.52, 8.0, 10.0, '2017-05-08 06:24:44', 0),
(127, 20, 50, 'I', '2017-05-08 06:36:54', '2017-05-08 06:37:07', '-37.82535697260454', '145.1524661532382', '65 Blackburn Rd, Blackburn VIC 3130, Australia', '-37.8231448686674', '145.1526502892375', '2 Gordon Crescent, Blackburn VIC 3130', 1.0, 4, 0.00, 1.57, 10.0, 10.0, '2017-05-08 06:30:28', 0),
(129, 11, 18, 'II', '2017-05-08 21:07:29', '2017-05-08 21:07:33', '21.044358', '105.803623', '56 Hong Quc Vit, Ngha , Cu Giy, H Ni, Vietnam', '21.041120', '105.803480', 'Ng 61 Phng Ch Kin, Ngha , Cu Giy, H Ni, Vietnam', 0.0, 4, 0.00, 0.00, 5.0, NULL, '2017-05-08 21:06:05', 0),
(130, 2, 18, 'II', '2017-05-08 21:20:01', '2017-05-08 21:21:32', '21.0471597980479', '105.7872824370861', '234 Hong Quc Vit, C Nhu 1, T Lim, H Ni', '21.05837619669342', '105.80664630979301', 'Ng 23 Xun La, Xun La, Ty H, H Ni', 0.0, 4, 0.00, 0.00, 10.0, 9.0, '2017-05-08 21:19:25', 0),
(131, 18, 2, 'I', '2017-05-08 21:50:18', '2017-05-08 21:50:24', '21.045293', '105.802617', 'kit 2 Phng Ch Kin, Ngha , Cu Giy, H Ni, Vietnam', '21.041391', '105.802672', '2 Phng Ch Kin, Ngha , Cu Giy, H Ni, Vietnam', 0.0, 4, 0.00, 0.00, 8.0, 10.0, '2017-05-08 21:50:02', 0),
(132, 2, 18, 'II', '2017-05-08 21:51:14', '2017-05-08 21:51:19', '21.045086453701085', '105.78742995858194', '117A Hong Quc Vit, Ngha Tn, Cu Giy, H Ni', '21.056860888622555', '105.80419074743986', 'V Ch Cng, Xun La, Ty H, H Ni', 0.0, 4, 0.00, 0.00, 6.0, 7.0, '2017-05-08 21:50:59', 0),
(133, 50, 20, 'I', '2017-05-08 22:47:34', '2017-05-08 22:53:53', '-37.828326', '145.153172', '2 Jeffery St, Blackburn VIC 3130, c', '-37.825419', '145.152400', '65 Blackburn Rd, Blackburn VIC 3130, c', 0.4, 4, 0.00, 0.58, 9.0, 10.0, '2017-05-08 22:43:11', 0),
(134, 18, 2, 'I', '2017-05-08 22:59:33', '2017-05-08 22:59:36', '21.046511', '105.799814', '15 Hong Quc Vit, Ngha , Cu Giy, H Ni, Vietnam', '21.046361', '105.803783', '2 Hong Quc Vit, Ngha , Cu Giy, H Ni, Vietnam', 0.0, 4, 0.00, 0.00, NULL, 7.0, '2017-05-08 22:53:14', 0),
(135, 20, 50, 'I', '2017-05-08 23:03:11', '2017-05-08 23:07:36', '-37.82831695561194', '145.15310056507587', '100 Blackburn Road, Blackburn VIC 3130', '-37.82540230541838', '145.15237838029861', '70-72 Blackburn Road, Blackburn VIC 3130', 1.3, 4, 0.00, 2.13, 10.0, 10.0, '2017-05-08 22:57:07', 0),
(136, 7, 20, 'I', '2017-05-08 23:14:53', '2017-05-08 23:14:57', '-37.824925', '145.152352', '59 Blackburn Rd, Blackburn VIC 3130, c', '-37.827485', '145.152803', '89 Blackburn Rd, Blackburn VIC 3130, c', 0.0, 4, 0.00, 0.00, 10.0, 10.0, '2017-05-08 23:10:30', 0),
(137, 20, 7, 'II', '2017-05-08 23:25:37', '2017-05-08 23:29:44', '-37.828281374190986', '145.15322450536928', '1 Jeffery St, Blackburn VIC 3130, Australia', '-37.82533503882681', '145.1523720100522', '70 Blackburn Road, Blackburn VIC 3130', 0.3, 4, 0.00, 0.58, 10.0, 10.0, '2017-05-08 23:18:26', 0),
(138, 2, 18, 'II', '2017-05-08 23:25:34', '2017-05-08 23:25:47', '21.047223944220594', '105.78911773860453', 'Ng 49 - Trn Cung, Ngha Tn, Cu Giy, H Ni', '21.053718210025533', '105.80496758222579', 'V Ch Cng, Bi n, Xun La, Ty H, H Ni', 0.0, 4, 0.00, 0.00, 7.0, 7.0, '2017-05-08 23:18:49', 0),
(140, 20, 7, 'II', '2017-05-09 00:33:28', '2017-05-09 00:36:50', '-37.82545791948321', '145.15237469226122', '72A Blackburn Road, Blackburn VIC 3130', '-37.82835005791953', '145.1531072705984', '100 Blackburn Road, Blackburn VIC 3130', 0.2, 4, 0.00, 0.45, 10.0, 10.0, '2017-05-09 00:32:12', 0),
(141, 20, 7, 'II', '2017-05-09 00:39:51', '2017-05-09 00:40:15', '-37.82851954150178', '145.1532581448555', '101 Blackburn Road, Blackburn VIC 3130', '-37.825386945335936', '145.15246991068125', '65 Blackburn Road, Blackburn VIC 3130', 0.0, 4, 0.00, 0.02, 10.0, 10.0, '2017-05-09 00:37:47', 0),
(142, 7, 20, 'I', '2017-05-09 00:42:35', '2017-05-09 00:43:10', '-37.826797', '145.152720', '77 Blackburn Rd, Blackburn VIC 3130, c', '-37.822526', '145.152776', '35 Blackburn Rd, Blackburn VIC 3130, c', 0.0, 4, 0.00, 0.05, 9.0, 10.0, '2017-05-09 00:40:56', 0),
(143, 7, 20, 'I', '2017-05-09 00:49:23', '2017-05-09 00:50:13', '-37.822052', '145.152770', '31 Blackburn Rd, Blackburn VIC 3130, c', '-37.826997', '145.152790', '79 Blackburn Rd, Blackburn VIC 3130, c', 0.1, 4, 0.00, 0.10, 8.0, 10.0, '2017-05-09 00:48:50', 0),
(146, 20, 7, 'II', '2017-05-09 03:29:53', '2017-05-09 03:30:52', '-37.825147009840094', '145.15237402170897', '63 Blackburn Road, Blackburn VIC 3130', '-37.827048463997485', '145.15269219875336', '88 Blackburn Road, Blackburn VIC 3130', 0.1, 4, 0.00, 0.13, 10.0, 10.0, '2017-05-09 03:28:46', 0),
(147, 7, 20, 'I', '2017-05-09 03:34:44', '2017-05-09 03:36:08', '-37.829325', '145.153702', '113 Blackburn Rd, Blackburn VIC 3130, c', '-37.822219', '145.152688', '31-33 Blackburn Rd, Blackburn VIC 3130, c', 0.1, 4, 0.00, 0.15, 10.0, 10.0, '2017-05-09 03:32:39', 0),
(148, 20, 7, 'II', '2017-05-09 03:38:08', '2017-05-09 03:40:55', '-37.82409006615602', '145.15226840972898', '51A Blackburn Road, Blackburn VIC 3130', '-37.82803015659724', '145.1529822126031', '96 Blackburn Road, Blackburn VIC 3130', 0.2, 4, 0.00, 0.34, 10.0, 10.0, '2017-05-09 03:37:28', 0),
(149, 7, 20, 'I', '2017-05-09 04:42:17', '2017-05-09 04:42:57', '21.042515', '105.802432', '17 Phng Ch Kin, Ngha , Cu Giy, H Ni, Vit Nam', '21.040192', '105.802497', 'ng Quan, Ngha , Cu Giy, H Ni, Vit Nam', 0.3, 4, 0.00, 0.42, 10.0, 10.0, '2017-05-09 04:39:44', 0),
(150, 7, 20, 'I', '2017-05-09 22:19:51', '2017-05-09 22:20:46', '-37.825409', '145.152817', 'Unit 2/65 Blackburn Rd, Blackburn VIC 3130, c', '-37.832571', '145.156360', '145 Blackburn Rd, Blackburn VIC 3130, c', 0.5, 4, 0.00, 0.81, 9.0, 10.0, '2017-05-09 22:19:13', 0),
(151, 7, 20, 'I', '2017-05-09 22:28:48', '2017-05-09 22:29:39', '-37.825371', '145.152403', '65 Blackburn Rd, Blackburn VIC 3130, c', '-37.830769', '145.154978', '135 Blackburn Rd, Blackburn VIC 3130, c', 0.6, 4, 0.00, 0.99, 10.0, 10.0, '2017-05-09 22:28:21', 0),
(152, 7, 20, 'I', '2017-05-09 22:34:04', '2017-05-09 22:36:21', '-37.825451', '145.152378', '72A Blackburn Rd, Blackburn VIC 3130, c', '-37.832451', '145.156340', '145 Blackburn Rd, Blackburn VIC 3130, c', 1.6, 4, 0.00, 2.48, 10.0, 10.0, '2017-05-09 22:33:37', 0),
(153, 2, 18, 'II', '2017-05-10 01:49:09', '2017-05-10 01:49:15', '21.04627520386262', '105.7861052826047', '236 Hong Quc Vit, C Nhu 1, Cu Giy, H Ni', '21.05488749196269', '105.80533068627118', '117/38/191 Ng 291 - Lc Long Qun, Bi n, Ngha , Cu Giy, H Ni', 0.0, 4, 0.00, 0.00, 7.0, 7.0, '2017-05-10 01:48:45', 0),
(154, 18, 2, 'I', '2017-05-10 01:51:24', '2017-05-10 01:51:29', '21.044440', '105.802442', '8 Phng Ch Kin, Ngha , Cu Giy, H Ni, Vietnam', '21.041135', '105.802379', '1 Phng Ch Kin, Ngha , Cu Giy, H Ni, Vietnam', 0.0, 4, 0.00, 0.00, 8.0, 8.0, '2017-05-10 01:50:10', 0),
(155, 18, 2, 'I', '2017-05-10 01:53:32', '2017-05-10 01:53:35', '21.044680', '105.802562', 'kit 8 Phng Ch Kin, Ngha , Cu Giy, H Ni, Vietnam', '21.041888', '105.802044', '23 Phng Ch Kin, Ngha , Cu Giy, H Ni, Vietnam', 0.0, 4, 0.00, 0.00, 8.0, 10.0, '2017-05-10 01:53:24', 0),
(156, 18, 11, 'I', '2017-05-10 02:06:02', '2017-05-10 02:06:23', '21.043481', '105.803922', '82 Hong Quc Vit, Ngha , Cu Giy, H Ni, Vietnam', '21.041138', '105.802281', '1 Phng Ch Kin, Ngha , Cu Giy, H Ni, Vietnam', 0.0, 4, 0.00, 0.00, 5.0, 5.0, '2017-05-10 02:05:42', 0),
(157, 2, 18, 'II', '2017-05-10 02:12:18', '2017-05-10 02:12:26', '21.045964796733827', '105.7860392332077', '1014 Hong Quc Vit, C Nhu 1, Cu Giy, H Ni', '21.05924601347588', '105.80623593181372', 'Ng 23 Xun La, Xun La, Ty H, H Ni', 0.0, 4, 0.00, 0.00, 8.0, 10.0, '2017-05-10 02:12:06', 0);

-- --------------------------------------------------------

--
-- Table structure for table `update_pending`
--

CREATE TABLE IF NOT EXISTS `update_pending` (
  `id` int(11) NOT NULL,
  `userId` int(11) DEFAULT NULL,
  `payoutPaypalAddress` varchar(255) NOT NULL,
  `fullName` varchar(255) NOT NULL,
  `carPlate` varchar(255) DEFAULT NULL,
  `brand` varchar(255) DEFAULT NULL,
  `model` varchar(255) DEFAULT NULL,
  `year` year(4) DEFAULT NULL,
  `status` varchar(255) DEFAULT NULL,
  `document` text,
  `image_avt` varchar(255) NOT NULL,
  `image` varchar(255) DEFAULT NULL,
  `image2` varchar(255) DEFAULT NULL,
  `phone` varchar(40) DEFAULT NULL,
  `address` varchar(255) NOT NULL,
  `description` text NOT NULL,
  `dateCreated` datetime DEFAULT NULL,
  `linkType` varchar(10) NOT NULL
) ENGINE=InnoDB AUTO_INCREMENT=5 DEFAULT CHARSET=utf8;

--
-- Dumping data for table `update_pending`
--

INSERT INTO `update_pending` (`id`, `userId`, `payoutPaypalAddress`, `fullName`, `carPlate`, `brand`, `model`, `year`, `status`, `document`, `image_avt`, `image`, `image2`, `phone`, `address`, `description`, `dateCreated`, `linkType`) VALUES
(1, 12, '', '', 'HMCL94', 'cart', 'gold', 2016, 'aj', NULL, '', '149154330512image.jpg', '149154330512image2.jpg', '4805441692', '', '', '2017-04-07 12:35:05', ''),
(3, 26, 'nice payout', 'tonyno6', 'ahaha', 'jsjsj', 'bj', 2017, 'ndnsn', '149187792926document.txt', '', '149187792926image..png', '149187792926image2..png', '12345678', 'jdksk', 'jsjsj', '2017-04-11 09:32:09', 'I');

-- --------------------------------------------------------

--
-- Table structure for table `user`
--

CREATE TABLE IF NOT EXISTS `user` (
  `id` int(11) NOT NULL,
  `fullName` varchar(255) DEFAULT NULL,
  `image` varchar(255) DEFAULT NULL,
  `typeAccount` varchar(255) NOT NULL DEFAULT '1',
  `payoutPaypalAddress` varchar(255) NOT NULL,
  `email` varchar(255) DEFAULT NULL,
  `password` varchar(40) DEFAULT NULL,
  `description` text,
  `gender` varchar(10) DEFAULT NULL,
  `phone` varchar(20) DEFAULT NULL,
  `dob` date DEFAULT NULL,
  `address` varchar(255) DEFAULT NULL,
  `balance` float(13,2) DEFAULT NULL,
  `lat` varchar(18) DEFAULT NULL,
  `long` varchar(18) DEFAULT NULL,
  `cardNumber` varchar(30) DEFAULT NULL,
  `stateId` int(11) NOT NULL,
  `cityId` varchar(200) NOT NULL,
  `cvv` varchar(10) DEFAULT NULL,
  `exp` varchar(20) DEFAULT NULL,
  `isOnline` int(1) DEFAULT NULL,
  `isActive` int(1) DEFAULT NULL,
  `isDriver` int(1) DEFAULT NULL,
  `token` varchar(40) DEFAULT NULL,
  `dateCreated` datetime DEFAULT NULL
) ENGINE=InnoDB AUTO_INCREMENT=54 DEFAULT CHARSET=utf8;

--
-- Dumping data for table `user`
--

INSERT INTO `user` (`id`, `fullName`, `image`, `typeAccount`, `payoutPaypalAddress`, `email`, `password`, `description`, `gender`, `phone`, `dob`, `address`, `balance`, `lat`, `long`, `cardNumber`, `stateId`, `cityId`, `cvv`, `exp`, `isOnline`, `isActive`, `isDriver`, `token`, `dateCreated`) VALUES
(1, 'Tim HiCom', 'https://lh4.googleusercontent.com/-3RkUikYWrNU/AAAAAAAAAAI/AAAAAAAAACI/dYReykbo6YQ/photo.jpg', '1', '', 'hicom.tim@gmail.com', NULL, 'sbsbs', '', '126448', '0000-00-00', 'shsh', 10000.00, '21.0428758', '105.8025268', NULL, 6, 'sbsh', NULL, NULL, 1, 1, 1, NULL, '2017-04-05 16:33:07'),
(2, 'Hicom Tony', 'https://lh3.googleusercontent.com/-K6kJbADuoKI/AAAAAAAAAAI/AAAAAAAAAOo/Rdi1B_fq0Y0/photo.jpg', '1', 'payout', 'hicom.tony@gmail.com', NULL, 'haha', '', '1234545', '0000-00-00', 'haha', 9999.74, '21.0427483', '105.8025661', NULL, 16, 'ahaja', NULL, NULL, 1, 1, 1, NULL, '2017-04-10 22:38:39'),
(4, 'Flvio Donizete Pimenta', 'https://lh5.googleusercontent.com/-zoeFpycXnkQ/AAAAAAAAAAI/AAAAAAAAFvQ/-lup5jbTmGA/photo.jpg', '1', '', 'pimatec@gmail.com', NULL, NULL, '', NULL, NULL, NULL, 10000.00, '-23.6487014', '-46.730662', NULL, 0, '', NULL, NULL, 1, 1, 0, NULL, '2017-04-05 19:22:39'),
(5, 'Hitesh Bhardwaj', 'https://graph.facebook.com/1545894732117494/picture?type=large', '1', '', 'snoopybhardwaj@gmail.com', NULL, 'Test', 'male', '8054890970', '0000-00-00', 'Test', 10000.00, '-30.737780', '76.784439', NULL, 9, 'Test', NULL, NULL, 1, 1, 0, NULL, '2017-04-05 20:13:59'),
(6, 'Pablo Grimaldi', 'https://lh6.googleusercontent.com/-pbQqJS5yVUc/AAAAAAAAAAI/AAAAAAAABIg/HATAfmxWlZM/photo.jpg', '1', '', 'pdgrimaldi@gmail.com', NULL, 'nada', '', '221543', '0000-00-00', 'avenida 44', 10000.00, '-34.905964', '-57.9656826', NULL, 7, 'La plata', NULL, NULL, 1, 1, 0, NULL, '2017-04-05 22:11:24'),
(7, 'Silver Moon', 'https://graph.facebook.com/1211447415619936/picture?type=large', '1', '', 'h0490i@gmail.com', NULL, 'Blackburn', 'female', '15475', '0000-00-00', 'Blackburn', 9988.05, '-37.825436', '145.152817', NULL, 7, 'Melbourne', NULL, NULL, 1, 1, 1, NULL, '2017-04-08 16:30:28'),
(8, 'Brst Dev', 'https://graph.facebook.com/422723088079816/picture?type=large', '1', '', 'brstdev32@gmail.com', NULL, NULL, 'female', NULL, NULL, NULL, 10000.00, '-30.737780', '76.784439', NULL, 0, '', NULL, NULL, 1, 1, 0, NULL, '2017-04-06 13:27:16'),
(9, 'shikha Kamboj', 'https://lh5.googleusercontent.com/-JkPanmxwhEE/AAAAAAAAAAI/AAAAAAAAAAA/AMcAYi8tXHBKM2G0DT0g7Eq7iku-chmc_Q/s150/photo.jpg', '1', '', 'shikha20021990@gmail.com', NULL, NULL, '', NULL, NULL, NULL, 10000.00, '-30.737780', '76.784439', NULL, 0, '', NULL, NULL, 1, 1, 0, NULL, '2017-04-06 13:55:21'),
(11, 'Hicom David', 'https://lh3.googleusercontent.com/-CZbNAqrxwv4/AAAAAAAAAAI/AAAAAAAAAJI/sOsy7CQ3V94/s150/photo.jpg', '1', 'payoutpaypal', 'hicom.david@gmail.com', NULL, 'description', '', '5454848', '0000-00-00', 'address', 9999.87, '-37.822830', '145.149811', NULL, 8, 'city', NULL, NULL, 1, 1, 1, NULL, '2017-04-11 08:47:29'),
(12, 'Amir Jashari', 'https://lh6.googleusercontent.com/-gnx1loCcj0c/AAAAAAAAAAI/AAAAAAAAAAA/AMcAYi_Xl-PawR7wMXJhnAbEzdu9e7O5bA/s150/photo.jpg', '1', '', 'ajscottsdale1988@gmail.com', NULL, 'Cart', '', '4805441692', '0000-00-00', '4019 N 81st St', 10000.00, '33.494095', '-111.925560', NULL, 7, 'Scottsdale', NULL, NULL, 1, 1, 1, NULL, '2017-04-07 12:35:07'),
(13, 'Yovany A', 'https://lh5.googleusercontent.com/-XYgYbJt7uWE/AAAAAAAAAAI/AAAAAAAAAZA/dI_uF-k1A9o/photo.jpg', '1', '', 'thiinkbox@gmail.com', NULL, '...', '', '33355561812', '0000-00-00', '...', 10000.00, '20.5334024', '-103.396684', NULL, 6, '...', NULL, NULL, 1, 1, 0, NULL, '2017-04-07 14:36:37'),
(14, 'Cenk Dalbudak', 'https://graph.facebook.com/1410091042401188/picture?type=large', '1', '', 'gunduzburak551@gmail.com', NULL, 'ggggg', 'Male', '505566', '0000-00-00', 'fggg', 10000.00, '35.2167039', '33.3473872', NULL, 15, 'fghh', NULL, NULL, 1, 1, 0, NULL, '2017-04-07 16:48:48'),
(15, 'Adriano Pimenta', 'https://graph.facebook.com/1417092081676699/picture?type=large', '1', '', 'adrianopepper@hotmail.com', NULL, 'descrio do que?', 'Male', '82897331', '0000-00-00', 'rua x 123', 10000.00, '-34.5972583', '-58.3736957', NULL, 0, '0', NULL, NULL, 1, 1, 0, NULL, '2017-04-07 19:41:23'),
(16, 'kirt', '1491631684user.png', '0', '', 'jdididj@mail.com', 'e10adc3949ba59abbe56e057f20f883e', '45654678', NULL, '333555612', NULL, 'jjjj', 10000.00, NULL, NULL, NULL, 6, 'hhj', NULL, NULL, 0, 1, 0, NULL, '2017-04-08 13:08:04'),
(17, 'brad', '1491631760user.png', '0', '', 'brado@gmail.com', 'e10adc3949ba59abbe56e057f20f883e', '45654', NULL, '3333', NULL, 'ooujh', 10000.00, '20.5334024', '-103.396684', NULL, 17, 'udidjd', NULL, NULL, 1, 1, 0, NULL, '2017-04-08 13:09:20'),
(18, 'Logan Thomas', 'https://lh4.googleusercontent.com/-l42mW1CEV2A/AAAAAAAAAAI/AAAAAAAAAAA/AHalGhqCHOruURx5AeykOEL-2GMXQ7_rQA/s150/photo.jpg', '1', 'jajsj', 'hicom.logan@gmail.com', NULL, 'Dcriotujb', '', '5454546', '0000-00-00', 'Addresss', 9999.94, '21.042822', '105.802605', NULL, 7, 'City', NULL, NULL, 1, 1, 1, NULL, '2017-05-07 20:58:53'),
(20, 'Ho Cuong', 'https://graph.facebook.com/1485401171472660/picture?type=large', '1', '', 'cuonghoxuan@ymail.com', NULL, 'Hello', 'Male', '123456789', '0000-00-00', 'Melbourne', 10002.39, '-37.82539910411863', '145.15284176641046', NULL, 7, 'Melbourne', NULL, NULL, 1, 1, 1, NULL, '2017-04-08 23:13:43'),
(21, 'Chris', '1491785609user.png', '0', '', 'cuong.hoxuan@gmail.com', 'b24331b1a138cde62aa1f679164fc62f', '3130', NULL, '123456789', NULL, 'Melbourne', 10000.00, '-37.825334', '145.152639', NULL, 8, 'Melbourne', NULL, NULL, 1, 1, 0, NULL, '2017-04-10 07:53:29'),
(22, 'Phm ip', 'https://graph.facebook.com/1254731941213405/picture?type=large', '1', 'paypal001', 'phamvandiep93@yahoo.com', NULL, 'description', 'male', '45454646', '0000-00-00', 'address', 9999.98, '21.042823', '105.802622', NULL, 6, 'city', NULL, NULL, 1, 0, 1, NULL, '2017-04-10 23:35:59'),
(23, 'tuandm', '1491793605user.png', '0', '', 'tuandm@gmail.com', '25d55ad283aa400af464c76d713c07ad', NULL, NULL, '126154', NULL, 'jsjsj', 10000.00, NULL, NULL, NULL, 6, 'nxnd', NULL, NULL, 0, 1, 0, NULL, '2017-04-10 10:06:45'),
(24, 'tonyno1', '1491794378user.png', '0', '', 'tonyno1@gmail.com', '25d55ad283aa400af464c76d713c07ad', NULL, NULL, '123456', NULL, 'tokyo', 10000.00, NULL, NULL, NULL, 6, 'hsjsk', NULL, NULL, 0, 1, 0, NULL, '2017-04-10 10:19:38'),
(25, 'tonyno5', '1491822288user.png', '0', 'payout', 'tonyno5@gmail.com', '25d55ad283aa400af464c76d713c07ad', 'hsjsj', NULL, '123456', NULL, 'bdjdj', 10000.00, '21.0427989', '105.8025582', NULL, 6, 'hshs', NULL, NULL, 1, 1, 1, NULL, '2017-04-10 18:04:48'),
(26, 'tonyno6', '1491874630user.png', '0', 'payout', 'tonyno6@gmail.com', '25d55ad283aa400af464c76d713c07ad', 'jsjsj', NULL, '12345678', NULL, 'jdksk', 10000.00, '21.0428388', '105.8025661', NULL, 6, 'nsjsj', NULL, NULL, 0, 1, 1, NULL, '2017-04-11 08:37:10'),
(27, 'tonyno7', '1491881459user.png', '0', 'payout nice', 'tonyno7@gmail.com', '25d55ad283aa400af464c76d713c07ad', 'hdjdj', NULL, '123456', '0000-00-00', 'tokyo', 10000.00, '21.0428801', '105.8026116', NULL, 6, 'shsj', NULL, NULL, 0, 1, 1, NULL, '2017-04-10 22:31:34'),
(28, 'Hicomart', '1491884005user.jpg', '0', 'paypalpayout', 'hicomart@gmail.com', '0192023a7bbd73250516f069df18b500', 'description', NULL, '87576446', NULL, 'address', 10000.00, '21.042793', '105.802643', NULL, 7, 'cityy', NULL, NULL, 1, 1, 1, NULL, '2017-04-10 23:13:25'),
(29, 'tonyno8', '1491894966user.png', '0', 'kakska', 'tonyo8@gmail.om', '25d55ad283aa400af464c76d713c07ad', 'akak', NULL, '1234546', NULL, 'iakaja', 10000.00, NULL, NULL, NULL, 6, 'sjak', NULL, NULL, 0, 1, 0, NULL, '2017-04-11 02:16:06'),
(30, 'tony4', '1491895075user.png', '0', 'jskssm', 'tony4@gmail.com', '25d55ad283aa400af464c76d713c07ad', 'jsjs', NULL, '123456789', NULL, 'jsjsks', 10000.00, '21.0428388', '105.8025661', NULL, 6, 'sjsj', NULL, NULL, 0, 1, 1, NULL, '2017-04-11 02:17:55'),
(31, 'tony5', '1491895217user.png', '0', 'jzjsj', 'tony5@gmail.com', '25d55ad283aa400af464c76d713c07ad', 'nzjz', NULL, '1234567', NULL, 'hsjzks', 10000.00, '21.042808815836906', '105.80263028852642', NULL, 6, 'snsjsjsj', NULL, NULL, 1, 1, 1, NULL, '2017-04-11 02:20:17'),
(32, 'Final Test', '1491895756user.jpg', '0', 'payout6666', 'finaltest@gmail.com', '0192023a7bbd73250516f069df18b500', 'description', NULL, '5461318', NULL, 'address', 10000.00, '21.042164', '105.803482', NULL, 7, 'cityy', NULL, NULL, 1, 1, 1, NULL, '2017-04-11 02:29:16'),
(33, 'sam', '1491901475user.png', '0', 'mow8989@hotmail.com ', 'mow8989@hotmail.com ', '4297f44b13955235245b2497399d7a93', '123', NULL, '0924000005', NULL, 'mekanissa', 10000.00, NULL, NULL, NULL, 55, 'addis', NULL, NULL, 0, 1, 0, NULL, '2017-04-11 04:04:35'),
(34, 'Ahmed Ahmyt', 'https://graph.facebook.com/10210510493851747/picture?type=large', '1', '', 'ahmyt@hotmail.com', NULL, NULL, 'Male', NULL, NULL, NULL, 10000.00, '9.0020797', '38.7693737', NULL, 0, '', NULL, NULL, 1, 1, 0, NULL, '2017-04-11 04:07:59'),
(35, 'dtest', '1491985271user.png', '0', 'flex@ymail.com', 'test@inter.com', 'e10adc3949ba59abbe56e057f20f883e', '0000', NULL, '00', NULL, 'oodd', 10000.00, '0.0', '0.0', NULL, 6, 'city', NULL, NULL, 1, 1, 1, NULL, '2017-04-12 03:21:11'),
(36, 'driver joe', '1491991896user.png', '0', 'driver@drove.com', 'driver@drove.com', 'e10adc3949ba59abbe56e057f20f883e', '.', NULL, '3', NULL, '.', 10000.00, '0.0', '0.0', NULL, 6, '.', NULL, NULL, 1, 1, 1, NULL, '2017-04-12 05:11:36'),
(37, 'rider joe', '1491992297user.png', '0', 'rider@drove.com', 'rider@drove.com', 'e10adc3949ba59abbe56e057f20f883e', '9', NULL, '3', NULL, 'o', 10000.00, '20.5334024', '-103.396684', NULL, 6, 'o', NULL, NULL, 1, 1, 0, NULL, '2017-04-12 05:18:17'),
(38, 'droveman', '1491992670user.png', '0', 'droveman@drove.com ', 'droveman@drove.com', 'e10adc3949ba59abbe56e057f20f883e', '45555', NULL, '1', NULL, '.', 10000.00, '20.5334024', '-103.396684', NULL, 6, '.', NULL, NULL, 0, 1, 1, NULL, '2017-04-12 05:24:30'),
(39, 'Shikha', '1492421097user.jpg', '0', 'Cash', 'shikha@gmail.com', '81dc9bdb52d04dc20036dbd8313ed055', 'Vsscioxoc', NULL, '987456808', NULL, 'Bbshshshhsjs', 10000.00, '30.708124', '76.691547', NULL, 6, 'Batala', NULL, NULL, 1, 1, 0, NULL, '2017-04-17 04:24:57'),
(40, 'Shikha', '1492499060user.jpg', '0', '', 'shikha14@gmail.com', '81dc9bdb52d04dc20036dbd8313ed055', NULL, NULL, '9876789876', NULL, NULL, 10000.00, NULL, NULL, NULL, 0, '', NULL, NULL, 0, 1, 0, NULL, '2017-04-18 02:04:20'),
(41, 'Jon Gillmor', '1492659826user.png', '0', 'cash', 'jgillmor@gmail.com', 'e10adc3949ba59abbe56e057f20f883e', '12345', NULL, '17582853704', NULL, 'box 463', 10000.00, '13.77965079154819', '-61.03229267522693', NULL, 9, 'Los Angeles', NULL, NULL, 1, 1, 0, NULL, '2017-04-19 22:43:46'),
(42, 'Boog Noir', '1492659937user.png', '0', 'Cash', 'max.gillmor@gmail.com ', 'e10adc3949ba59abbe56e057f20f883e', '00000', NULL, '17584601996', NULL, 'Somewhere ', 10000.00, '14.0', '-61.0', NULL, 29, 'Laborie', NULL, NULL, 1, 1, 1, NULL, '2017-04-19 22:45:37'),
(43, 'HiCom Driver', '1493017628user.png', '0', 'hicom.driver@gmail.com ', 'hicom.driver@gmail.com', 'a3a57e46a368e63656df610c3b877456', '99', NULL, '0912312308', NULL, 'Booth ACT 2620', 10000.00, '21.0427483', '105.8025661', NULL, 6, 'Boboyan', NULL, NULL, 0, 1, 1, NULL, '2017-04-24 02:07:07'),
(44, 'HiCom Passenger', '1493018239user.png', '0', 'hicom.passenger@gmail.com', 'hicom.passenger@gmail.com', 'a3a57e46a368e63656df610c3b877456', '11', NULL, '11223344', NULL, 'Tennent ACT 2620', 10000.00, '-37.825288', '145.152665', NULL, 16, 'Naas Rd', NULL, NULL, 0, 1, 0, NULL, '2017-04-24 02:17:19'),
(45, 'Hamid Bin Zaman', 'https://lh4.googleusercontent.com/-kiuJ83xKfUs/AAAAAAAAAAI/AAAAAAAAAEU/CNp9TcDFZiU/photo.jpg', '1', '', 'zhamidbin@gmail.com', NULL, 'hhj', '', '84896', '0000-00-00', 'tyy', 10000.00, '23.7501866', '90.3937826', NULL, 35, 'jjj', NULL, NULL, 1, 1, 0, NULL, '2017-04-27 00:38:37'),
(46, 'pepe', '1494021320user.png', '0', 'hdz100@hotmail.com', 'hdz100@hotmail.com', '847e2ad29bd4776d7ad329a536f4262a', '50000', NULL, '4492571425', NULL, 'centeo', 10000.00, '21.8334236', '-102.2816878', NULL, 7, 'Mxico', NULL, NULL, 1, 1, 0, NULL, '2017-05-05 16:55:20'),
(47, 'James Hicom', 'https://lh3.googleusercontent.com/-MtNfZoUlxc4/AAAAAAAAAAI/AAAAAAAAAGc/J9U24_8yImk/photo.jpg', '1', '', 'hicom.james@gmail.com', NULL, 'hsjsn', '', '12466', '0000-00-00', 'bshssh', 9999.99, '21.0427483', '105.8025661', NULL, 6, 'sjsjs', NULL, NULL, 1, 1, 0, NULL, '2017-05-06 01:56:56'),
(48, 'Logan William', 'https://lh6.googleusercontent.com/--HW01TvnF5s/AAAAAAAAAAI/AAAAAAAAAAA/AHalGhoSj4Tkz8IOQb4nM-vg_k42oldeMw/s150/photo.jpg', '1', 'pulp', 'logan.hicom@gmail.com', NULL, 'Postcode', '', '54848', '0000-00-00', 'Address', 9999.98, '21.042824', '105.802628', NULL, 8, 'City', NULL, NULL, 1, 1, 1, NULL, '2017-05-06 02:42:03'),
(49, 'danton', '1494217986user.png', '0', 'sgajnkjskk@gmail.com', 'agayzjrsd@gmail.com', '25d55ad283aa400af464c76d713c07ad', '17510', NULL, '082231511996', NULL, 'Mangun Jaya 2 Tambun Bekasi', 10000.00, '-7.4050989', '109.2496245', NULL, 51, 'blablabla', NULL, NULL, 1, 1, 0, NULL, '2017-05-07 23:33:06'),
(50, 'Chris Ho', 'https://graph.facebook.com/434888513530164/picture?type=large', '1', 'paypal@gmail.com', 'hicomsolutions@gmail.com', NULL, '3140', 'male', '1245678', '0000-00-00', 'Anc', 10003.74, '-37.825432', '145.152481', NULL, 7, 'Melbourne', NULL, NULL, 1, 1, 1, NULL, '2017-05-08 03:09:22'),
(51, 'Name', '1494233119user.jpg', '0', '', 'email@gmail.com', '0192023a7bbd73250516f069df18b500', 'postcodee', NULL, '2454840', NULL, 'address', 10000.00, '21.042825', '105.802622', NULL, 6, 'cityyy', NULL, NULL, 0, 1, 0, NULL, '2017-05-08 03:45:19'),
(52, 'juan', '1494299775user.png', '0', 'hssa', 'jmedinapizano@icloud.com', '1e6e62234f10a0cfdc0691c673213066', '10400', NULL, '5510123937', NULL, NULL, 10000.00, '19.242048', '-99.0977197', NULL, 56, 'tedt', NULL, NULL, 1, 1, 0, NULL, '2017-05-08 22:16:15'),
(53, 'Kevin Lin', 'https://graph.facebook.com/139821046560800/picture?type=large', '1', '', 'kev-lin@outlook.com', NULL, NULL, 'male', NULL, NULL, NULL, 10000.00, '39.995134', '124.356504', NULL, 0, '', NULL, NULL, 1, 1, 0, NULL, '2017-05-08 22:30:31');

-- --------------------------------------------------------

--
-- Table structure for table `user_driver`
--

CREATE TABLE IF NOT EXISTS `user_driver` (
  `id` int(11) NOT NULL,
  `userId` int(11) DEFAULT NULL,
  `bankAccount` varchar(255) DEFAULT NULL,
  `status` int(11) DEFAULT NULL,
  `isOnline` int(3) DEFAULT NULL,
  `rate` float(3,1) DEFAULT NULL,
  `rateCount` int(11) DEFAULT NULL,
  `document` varchar(255) DEFAULT NULL,
  `isActive` int(1) DEFAULT NULL,
  `inactiveByAdmin` int(1) NOT NULL COMMENT '0: new driver register | 1: appove | 2 inactive',
  `sharedF` int(1) DEFAULT NULL,
  `sharedG` int(1) DEFAULT NULL,
  `linkType` varchar(10) NOT NULL
) ENGINE=InnoDB AUTO_INCREMENT=19 DEFAULT CHARSET=utf8;

--
-- Dumping data for table `user_driver`
--

INSERT INTO `user_driver` (`id`, `userId`, `bankAccount`, `status`, `isOnline`, `rate`, `rateCount`, `document`, `isActive`, `inactiveByAdmin`, `sharedF`, `sharedG`, `linkType`) VALUES
(1, 1, 'bshs', 1, 0, 6.7, 6, NULL, 1, 2, NULL, NULL, 'I'),
(2, 12, 'chase', 1, 0, NULL, 0, NULL, 1, 0, NULL, NULL, ''),
(4, 11, 'bueueueue', 1, 0, 7.8, 11, NULL, 1, 0, NULL, NULL, 'I'),
(5, 7, 'qern', 1, 0, 10.0, 19, NULL, 1, 2, NULL, NULL, 'II'),
(6, 20, 'Box Hill', 1, 0, 9.3, 25, NULL, 1, 2, NULL, NULL, 'I'),
(7, 26, 'nice payout', 1, 0, NULL, 0, NULL, 1, 2, NULL, NULL, 'I'),
(8, 2, 'payout nive', 1, 0, 7.1, 16, NULL, 1, 2, NULL, NULL, 'I'),
(9, 22, 'paypal001', 1, 0, NULL, 0, NULL, 1, 2, NULL, NULL, 'III'),
(10, 30, 'hsjsj', 1, 0, NULL, 0, NULL, 1, 2, NULL, NULL, 'I'),
(11, 31, 'bssha', 1, 0, 7.0, 1, NULL, 1, 2, NULL, NULL, 'I'),
(12, 32, 'payout6666', 1, 0, NULL, 0, NULL, 1, 2, NULL, NULL, 'III'),
(13, 35, 'gg@xx.com', NULL, NULL, NULL, 0, NULL, 1, 2, NULL, NULL, 'I'),
(14, 42, 'CASH ', 1, 1, NULL, 0, NULL, 1, 2, NULL, NULL, 'III'),
(15, 43, 'hicom.driver@gmail.com ', 1, 0, NULL, 0, NULL, 1, 2, NULL, NULL, 'I'),
(16, 48, 'pulp', 1, 0, 8.0, 1, NULL, 1, 2, NULL, NULL, 'I'),
(17, 18, 'jajsj', 1, 1, 7.5, 8, NULL, 1, 2, NULL, NULL, 'II'),
(18, 50, 'paypal@gmail.com', 1, 0, 10.0, 7, NULL, 1, 2, NULL, NULL, 'I');

-- --------------------------------------------------------

--
-- Table structure for table `user_passenger`
--

CREATE TABLE IF NOT EXISTS `user_passenger` (
  `id` int(11) NOT NULL,
  `userId` int(11) DEFAULT NULL,
  `rate` float(3,1) DEFAULT NULL,
  `rateCount` int(11) DEFAULT NULL,
  `sharedF` int(1) DEFAULT NULL,
  `sharedG` int(1) DEFAULT NULL
) ENGINE=InnoDB AUTO_INCREMENT=54 DEFAULT CHARSET=utf8;

--
-- Dumping data for table `user_passenger`
--

INSERT INTO `user_passenger` (`id`, `userId`, `rate`, `rateCount`, `sharedF`, `sharedG`) VALUES
(1, 1, NULL, 0, NULL, NULL),
(2, 2, 8.4, 15, NULL, NULL),
(4, 4, NULL, 0, NULL, NULL),
(5, 5, NULL, 0, NULL, NULL),
(6, 6, NULL, 0, NULL, NULL),
(7, 7, 9.9, 19, NULL, NULL),
(8, 8, NULL, 0, NULL, NULL),
(9, 9, NULL, 0, NULL, NULL),
(11, 11, 7.7, 6, NULL, NULL),
(12, 12, NULL, 0, NULL, NULL),
(13, 13, NULL, 0, NULL, NULL),
(14, 14, NULL, 0, NULL, NULL),
(15, 15, NULL, 0, NULL, NULL),
(16, 16, NULL, 0, NULL, NULL),
(17, 17, NULL, 0, NULL, NULL),
(18, 18, 7.0, 10, NULL, NULL),
(20, 20, 10.0, 26, NULL, NULL),
(21, 21, NULL, 0, NULL, NULL),
(22, 22, NULL, 0, NULL, NULL),
(23, 23, NULL, 0, NULL, NULL),
(24, 24, NULL, 0, NULL, NULL),
(25, 25, 8.0, 1, NULL, NULL),
(26, 26, 7.0, 2, NULL, NULL),
(27, 27, NULL, 0, NULL, NULL),
(28, 28, 5.5, 2, NULL, NULL),
(29, 29, NULL, 0, NULL, NULL),
(30, 30, NULL, 0, NULL, NULL),
(31, 31, 10.0, 1, NULL, NULL),
(32, 32, NULL, 0, NULL, NULL),
(33, 33, NULL, 0, NULL, NULL),
(34, 34, NULL, 0, NULL, NULL),
(35, 35, NULL, 0, NULL, NULL),
(36, 36, NULL, 0, NULL, NULL),
(37, 37, NULL, 0, NULL, NULL),
(38, 38, NULL, 0, NULL, NULL),
(39, 39, NULL, 0, NULL, NULL),
(40, 40, NULL, 0, NULL, NULL),
(41, 41, NULL, 0, NULL, NULL),
(42, 42, NULL, 0, NULL, NULL),
(43, 43, NULL, 0, NULL, NULL),
(44, 44, NULL, 0, NULL, NULL),
(45, 45, NULL, 0, NULL, NULL),
(46, 46, NULL, 0, NULL, NULL),
(47, 47, 8.0, 1, NULL, NULL),
(48, 48, 8.0, 1, NULL, NULL),
(49, 49, NULL, 0, NULL, NULL),
(50, 50, 10.0, 6, NULL, NULL),
(51, 51, NULL, 0, NULL, NULL),
(52, 52, NULL, 0, NULL, NULL),
(53, 53, NULL, 0, NULL, NULL);

-- --------------------------------------------------------

--
-- Table structure for table `vehicle`
--

CREATE TABLE IF NOT EXISTS `vehicle` (
  `id` int(11) NOT NULL,
  `userId` int(11) DEFAULT NULL,
  `carPlate` varchar(255) DEFAULT NULL,
  `brand` varchar(255) DEFAULT NULL,
  `model` varchar(255) DEFAULT NULL,
  `year` year(4) DEFAULT NULL,
  `status` varchar(255) DEFAULT NULL,
  `document` text,
  `dateCreated` datetime DEFAULT NULL
) ENGINE=InnoDB AUTO_INCREMENT=25 DEFAULT CHARSET=utf8;

--
-- Dumping data for table `vehicle`
--

INSERT INTO `vehicle` (`id`, `userId`, `carPlate`, `brand`, `model`, `year`, `status`, `document`, `dateCreated`) VALUES
(1, 1, 'shsj', 'jsjs', 'snsn', 2017, '1', '14913850141document.png', '2017-04-05 16:36:54'),
(2, 12, 'nc347', 'cart', 'gold', 2009, '1', '149154215512document.jpg', '2017-04-07 12:15:55'),
(4, 11, 'platehhhe', 'brand', 'nodel', 2005, '1', '149187523811document.jpg', '2017-04-11 01:39:37'),
(6, 7, '1234 5678', 'Lexus', 'Toyota', 1985, '1', '14916671497document.jpg', '2017-04-08 22:59:09'),
(7, 20, 'abc 1ww', 'Lezus', 'Toyota', 2016, '1', '149166837720document.jpg', '2017-04-08 23:19:37'),
(8, 25, 'ahahs', 'sjsjs', 'sjsj', 2017, '1', '149182239425document.', '2017-04-10 18:06:34'),
(9, 26, 'ahaha', 'jsjsj', 'bj', 2017, '1', '149187471926document.jpg', '2017-04-11 08:38:39'),
(10, 27, 'kdkdk', 'snsjs', 'nsms', 2017, '1', '149188156027document.txt', '2017-04-10 22:32:40'),
(11, 2, 'sjsj', 'ndkdkd', 'jdkdk', 2017, '1', '14918819702document.jpg', '2017-04-10 22:39:30'),
(12, 28, 'platelllll', 'brandofcar', 'modelcar', 2015, 'new', '149188411128document.jpg', '2017-04-10 23:15:11'),
(13, 22, 'plate001h', 'brand', 'model', 2015, 'new', '149188542122document.jpg', '2017-04-10 23:37:01'),
(14, 30, 'shsh', 'ahaha', 'shshs', 2017, 'bsjs', '149189513830document.jpg', '2017-04-11 02:18:58'),
(15, 31, 'ahahahshs', 'agaha', 'baab', 2017, 'bsbab', '149189529431document.jpg', '2017-04-11 02:21:34'),
(16, 32, 'plate0012', 'brand', 'mac', 2016, 'new', '149189584632document.jpg', '2017-04-11 02:30:46'),
(17, 35, 'rr', 'dd', 'ee', 2017, '.', '149198545935document.jpg', '2017-04-12 03:24:19'),
(18, 36, 'pl', 'Tesla', 'S100p', 2016, 'status?', '149199205836document.jpg', '2017-04-12 05:14:18'),
(19, 38, 'hfujf', '100p', 'tesla', 2017, 'y', '149199275838document.jpg', '2017-04-12 05:25:58'),
(20, 42, 'T00F4ST', 'AUDI', 'S30', 2100, 'Gay', '149266046242document.jpg', '2017-04-19 22:54:22'),
(21, 43, '34-HC9999', 'Audi', 'SUV', 2016, 'New', '149301782443document.jpg', '2017-04-24 02:10:24'),
(22, 48, 'plate ', 'brand', 'model', 2016, 'new', '149405662848document.jpg', '2017-05-06 02:43:48'),
(23, 18, 'jajsj', 'shanks', 'jajsj', 2017, 'shank', '149420873318document.jpg', '2017-05-07 21:00:11'),
(24, 50, '1234', 'Toyota', 'Lexus', 1984, 'new', '149423104650document.jpg', '2017-05-08 03:10:46');

-- --------------------------------------------------------

--
-- Table structure for table `vehicle_img`
--

CREATE TABLE IF NOT EXISTS `vehicle_img` (
  `id` int(11) NOT NULL,
  `carId` int(11) DEFAULT NULL,
  `image` varchar(255) DEFAULT NULL
) ENGINE=InnoDB AUTO_INCREMENT=53 DEFAULT CHARSET=utf8;

--
-- Dumping data for table `vehicle_img`
--

INSERT INTO `vehicle_img` (`id`, `carId`, `image`) VALUES
(1, 1, '14913850141image..png'),
(2, 1, '14913850141image2..png'),
(3, 2, '149154215512image.jpg'),
(4, 2, '149154215512image2.jpg'),
(11, 6, '14916671497image.jpg'),
(12, 6, '14916671497image2.jpg'),
(13, 7, '149166837720image..png'),
(14, 7, '149166837720image2..png'),
(15, 8, '149182239425image..png'),
(16, 8, '149182239425image2..png'),
(17, 9, '149187471926image..png'),
(18, 9, '149187471926image2..png'),
(19, 10, '149188156027image..png'),
(20, 10, '149188156027image2..png'),
(21, 11, '14918819702image..png'),
(22, 11, '14918819702image2..png'),
(23, 12, '149188411128image.jpg'),
(24, 12, '149188411128image2.jpg'),
(25, 13, '149188542122image.jpg'),
(26, 13, '149188542122image2.jpg'),
(27, 4, '149187523811image.jpg'),
(28, 4, '149187523811image2.jpg'),
(29, 14, '149189513830image..png'),
(30, 14, '149189513830image2..png'),
(31, 15, '149189529431image..png'),
(32, 15, '149189529431image2..png'),
(33, 16, '149189584632image.jpg'),
(34, 16, '149189584632image2.jpg'),
(35, 17, '149198545935image..png'),
(36, 17, '149198545935image2..png'),
(37, 18, '149199205836image..png'),
(38, 18, '149199205836image2..png'),
(39, 19, '149199275838image..png'),
(40, 19, '149199275838image2..png'),
(41, 20, '149266046242image..png'),
(42, 20, '149266046242image2..png'),
(43, 21, '149301782443image..png'),
(44, 21, '149301782443image2..png'),
(45, 22, '149405662848image.jpg'),
(46, 22, '149405662848image2.jpg'),
(49, 23, '149420873318image.jpg'),
(50, 23, '149420873318image2.jpg'),
(51, 24, '149423104650image.jpg'),
(52, 24, '149423104650image2.jpg');

--
-- Indexes for dumped tables
--

--
-- Indexes for table `account`
--
ALTER TABLE `account`
  ADD PRIMARY KEY (`id`);

--
-- Indexes for table `city`
--
ALTER TABLE `city`
  ADD PRIMARY KEY (`id`);

--
-- Indexes for table `device`
--
ALTER TABLE `device`
  ADD PRIMARY KEY (`id`);

--
-- Indexes for table `login_token`
--
ALTER TABLE `login_token`
  ADD PRIMARY KEY (`id`);

--
-- Indexes for table `log_lat_long`
--
ALTER TABLE `log_lat_long`
  ADD PRIMARY KEY (`id`);

--
-- Indexes for table `point_exchange`
--
ALTER TABLE `point_exchange`
  ADD PRIMARY KEY (`id`);

--
-- Indexes for table `point_redeem`
--
ALTER TABLE `point_redeem`
  ADD PRIMARY KEY (`id`);

--
-- Indexes for table `point_transfer`
--
ALTER TABLE `point_transfer`
  ADD PRIMARY KEY (`id`);

--
-- Indexes for table `request`
--
ALTER TABLE `request`
  ADD PRIMARY KEY (`id`);

--
-- Indexes for table `settings`
--
ALTER TABLE `settings`
  ADD PRIMARY KEY (`id`);

--
-- Indexes for table `state`
--
ALTER TABLE `state`
  ADD PRIMARY KEY (`id`);

--
-- Indexes for table `transaction`
--
ALTER TABLE `transaction`
  ADD PRIMARY KEY (`id`);

--
-- Indexes for table `trip`
--
ALTER TABLE `trip`
  ADD PRIMARY KEY (`id`);

--
-- Indexes for table `update_pending`
--
ALTER TABLE `update_pending`
  ADD PRIMARY KEY (`id`);

--
-- Indexes for table `user`
--
ALTER TABLE `user`
  ADD PRIMARY KEY (`id`);

--
-- Indexes for table `user_driver`
--
ALTER TABLE `user_driver`
  ADD PRIMARY KEY (`id`);

--
-- Indexes for table `user_passenger`
--
ALTER TABLE `user_passenger`
  ADD PRIMARY KEY (`id`);

--
-- Indexes for table `vehicle`
--
ALTER TABLE `vehicle`
  ADD PRIMARY KEY (`id`);

--
-- Indexes for table `vehicle_img`
--
ALTER TABLE `vehicle_img`
  ADD PRIMARY KEY (`id`);

--
-- AUTO_INCREMENT for dumped tables
--

--
-- AUTO_INCREMENT for table `account`
--
ALTER TABLE `account`
  MODIFY `id` int(11) NOT NULL AUTO_INCREMENT,AUTO_INCREMENT=3;
--
-- AUTO_INCREMENT for table `city`
--
ALTER TABLE `city`
  MODIFY `id` int(11) NOT NULL AUTO_INCREMENT,AUTO_INCREMENT=7;
--
-- AUTO_INCREMENT for table `device`
--
ALTER TABLE `device`
  MODIFY `id` int(11) NOT NULL AUTO_INCREMENT,AUTO_INCREMENT=67;
--
-- AUTO_INCREMENT for table `login_token`
--
ALTER TABLE `login_token`
  MODIFY `id` int(11) NOT NULL AUTO_INCREMENT,AUTO_INCREMENT=90;
--
-- AUTO_INCREMENT for table `log_lat_long`
--
ALTER TABLE `log_lat_long`
  MODIFY `id` int(11) NOT NULL AUTO_INCREMENT,AUTO_INCREMENT=1213;
--
-- AUTO_INCREMENT for table `point_exchange`
--
ALTER TABLE `point_exchange`
  MODIFY `id` int(11) NOT NULL AUTO_INCREMENT;
--
-- AUTO_INCREMENT for table `point_redeem`
--
ALTER TABLE `point_redeem`
  MODIFY `id` int(11) NOT NULL AUTO_INCREMENT,AUTO_INCREMENT=5;
--
-- AUTO_INCREMENT for table `point_transfer`
--
ALTER TABLE `point_transfer`
  MODIFY `id` int(11) NOT NULL AUTO_INCREMENT;
--
-- AUTO_INCREMENT for table `request`
--
ALTER TABLE `request`
  MODIFY `id` int(11) NOT NULL AUTO_INCREMENT,AUTO_INCREMENT=215;
--
-- AUTO_INCREMENT for table `settings`
--
ALTER TABLE `settings`
  MODIFY `id` int(11) NOT NULL AUTO_INCREMENT,AUTO_INCREMENT=32;
--
-- AUTO_INCREMENT for table `state`
--
ALTER TABLE `state`
  MODIFY `id` int(11) NOT NULL AUTO_INCREMENT,AUTO_INCREMENT=57;
--
-- AUTO_INCREMENT for table `trip`
--
ALTER TABLE `trip`
  MODIFY `id` int(11) NOT NULL AUTO_INCREMENT,AUTO_INCREMENT=158;
--
-- AUTO_INCREMENT for table `update_pending`
--
ALTER TABLE `update_pending`
  MODIFY `id` int(11) NOT NULL AUTO_INCREMENT,AUTO_INCREMENT=5;
--
-- AUTO_INCREMENT for table `user`
--
ALTER TABLE `user`
  MODIFY `id` int(11) NOT NULL AUTO_INCREMENT,AUTO_INCREMENT=54;
--
-- AUTO_INCREMENT for table `user_driver`
--
ALTER TABLE `user_driver`
  MODIFY `id` int(11) NOT NULL AUTO_INCREMENT,AUTO_INCREMENT=19;
--
-- AUTO_INCREMENT for table `user_passenger`
--
ALTER TABLE `user_passenger`
  MODIFY `id` int(11) NOT NULL AUTO_INCREMENT,AUTO_INCREMENT=54;
--
-- AUTO_INCREMENT for table `vehicle`
--
ALTER TABLE `vehicle`
  MODIFY `id` int(11) NOT NULL AUTO_INCREMENT,AUTO_INCREMENT=25;
--
-- AUTO_INCREMENT for table `vehicle_img`
--
ALTER TABLE `vehicle_img`
  MODIFY `id` int(11) NOT NULL AUTO_INCREMENT,AUTO_INCREMENT=53;
/*!40101 SET CHARACTER_SET_CLIENT=@OLD_CHARACTER_SET_CLIENT */;
/*!40101 SET CHARACTER_SET_RESULTS=@OLD_CHARACTER_SET_RESULTS */;
/*!40101 SET COLLATION_CONNECTION=@OLD_COLLATION_CONNECTION */;
